# NSW Tides - Fort Denison, Sydney Harbour
# Source: Bureau of Meteorology IDO59001
# Copyright Commonwealth of Australia, Bureau of Meteorology
# Generated by convert_tides.py
# Format: YYYY-MM-DD,HHMM,H/L,height_m
#
# --- January 2026 ---
2026-01-01,0017,L,0.50
2026-01-01,0656,H,1.88
2026-01-01,1346,L,0.36
2026-01-01,1940,H,1.35
2026-01-02,0115,L,0.49
2026-01-02,0752,H,1.97
2026-01-02,1445,L,0.26
2026-01-02,2039,H,1.37
2026-01-03,0210,L,0.46
2026-01-03,0846,H,2.04
2026-01-03,1537,L,0.20
2026-01-03,2133,H,1.39
2026-01-04,0304,L,0.45
2026-01-04,0939,H,2.07
2026-01-04,1627,L,0.18
2026-01-04,2225,H,1.41
2026-01-05,0357,L,0.44
2026-01-05,1030,H,2.05
2026-01-05,1715,L,0.21
2026-01-05,2314,H,1.41
2026-01-06,0448,L,0.47
2026-01-06,1117,H,1.97
2026-01-06,1800,L,0.27
2026-01-06,2320,H,1.42
2026-01-07,0001,H,1.41
2026-01-07,0540,L,0.51
2026-01-07,1203,H,1.84
2026-01-07,1843,L,0.35
2026-01-08,0049,H,1.41
2026-01-08,0630,L,0.58
2026-01-08,1246,H,1.69
2026-01-08,1923,L,0.44
2026-01-09,0137,H,1.40
2026-01-09,0724,L,0.66
2026-01-09,1330,H,1.53
2026-01-09,2001,L,0.52
2026-01-10,0226,H,1.41
2026-01-10,0821,L,0.73
2026-01-10,1415,H,1.38
2026-01-10,2041,L,0.59
2026-01-11,0316,H,1.43
2026-01-11,0927,L,0.77
2026-01-11,1509,H,1.26
2026-01-11,2123,L,0.64
2026-01-12,0410,H,1.46
2026-01-12,1040,L,0.77
2026-01-12,1615,H,1.18
2026-01-12,2213,L,0.68
2026-01-13,0505,H,1.50
2026-01-13,1153,L,0.73
2026-01-13,1727,H,1.15
2026-01-13,2307,L,0.69
2026-01-14,0559,H,1.55
2026-01-14,1255,L,0.66
2026-01-14,1833,H,1.16
2026-01-14,1951,L,1.25
2026-01-15,0000,L,0.69
2026-01-15,0647,H,1.61
2026-01-15,1344,L,0.58
2026-01-15,1928,H,1.20
2026-01-16,0050,L,0.67
2026-01-16,0732,H,1.67
2026-01-16,1425,L,0.51
2026-01-16,2012,H,1.24
2026-01-17,0135,L,0.63
2026-01-17,0815,H,1.73
2026-01-17,1502,L,0.45
2026-01-17,2051,H,1.28
2026-01-18,0216,L,0.59
2026-01-18,0853,H,1.79
2026-01-18,1538,L,0.41
2026-01-18,2128,H,1.32
2026-01-19,0256,L,0.55
2026-01-19,0930,H,1.83
2026-01-19,1613,L,0.37
2026-01-19,2204,H,1.35
2026-01-20,0335,L,0.52
2026-01-20,1008,H,1.85
2026-01-20,1646,L,0.35
2026-01-20,2242,H,1.38
2026-01-21,0415,L,0.51
2026-01-21,1045,H,1.84
2026-01-21,1722,L,0.34
2026-01-21,1830,H,0.47
2026-01-22,0459,L,0.51
2026-01-22,1123,H,1.80
2026-01-22,1757,L,0.35
2026-01-22,1900,H,0.55
2026-01-23,0002,H,1.45
2026-01-23,0545,L,0.53
2026-01-23,1203,H,1.73
2026-01-23,1834,L,0.38
2026-01-24,0046,H,1.48
2026-01-24,0635,L,0.57
2026-01-24,1246,H,1.62
2026-01-24,1914,L,0.42
2026-01-25,0134,H,1.52
2026-01-25,0732,L,0.61
2026-01-25,1335,H,1.50
2026-01-25,1957,L,0.48
2026-01-26,0227,H,1.55
2026-01-26,0839,L,0.64
2026-01-26,1434,H,1.37
2026-01-26,2046,L,0.55
2026-01-27,0327,H,1.60
2026-01-27,0959,L,0.64
2026-01-27,1549,H,1.26
2026-01-27,2147,L,0.60
2026-01-28,0433,H,1.65
2026-01-28,1125,L,0.58
2026-01-28,1715,H,1.22
2026-01-28,2257,L,0.61
2026-01-29,0542,H,1.74
2026-01-29,1242,L,0.48
2026-01-29,1835,H,1.24
2026-01-29,1915,L,1.44
2026-01-30,0005,L,0.59
2026-01-30,0646,H,1.83
2026-01-30,1345,L,0.37
2026-01-30,1939,H,1.30
2026-01-31,0108,L,0.53
2026-01-31,0745,H,1.92
2026-01-31,1438,L,0.28
2026-01-31,2032,H,1.37
# --- February 2026 ---
2026-02-01,0204,L,0.47
2026-02-01,0838,H,1.98
2026-02-01,1525,L,0.23
2026-02-01,2121,H,1.43
2026-02-02,0257,L,0.42
2026-02-02,0927,H,2.00
2026-02-02,1608,L,0.22
2026-02-02,2205,H,1.47
2026-02-03,0345,L,0.40
2026-02-03,1013,H,1.96
2026-02-03,1647,L,0.25
2026-02-03,2248,H,1.50
2026-02-04,0432,L,0.42
2026-02-04,1055,H,1.87
2026-02-04,1725,L,0.31
2026-02-04,2330,H,1.51
2026-02-05,0518,L,0.47
2026-02-05,1135,H,1.75
2026-02-05,1759,L,0.38
2026-02-05,2333,H,1.64
2026-02-06,0009,H,1.51
2026-02-06,0604,L,0.54
2026-02-06,1213,H,1.60
2026-02-06,2329,L,1.63
2026-02-07,0049,H,1.50
2026-02-07,0651,L,0.62
2026-02-07,1250,H,1.45
2026-02-07,1838,L,0.46
2026-02-08,0130,H,1.49
2026-02-08,0743,L,0.69
2026-02-08,1330,H,1.32
2026-02-08,1933,L,0.63
2026-02-09,0215,H,1.47
2026-02-09,0842,L,0.75
2026-02-09,1419,H,1.20
2026-02-09,2015,L,0.70
2026-02-10,0308,H,1.46
2026-02-10,0955,L,0.77
2026-02-10,1527,H,1.12
2026-02-10,2110,L,0.75
2026-02-11,0411,H,1.46
2026-02-11,1115,L,0.75
2026-02-11,1652,H,1.10
2026-02-11,2221,L,0.78
2026-02-12,0518,H,1.49
2026-02-12,1225,L,0.68
2026-02-12,1813,H,1.13
2026-02-12,2331,L,0.76
2026-02-13,0618,H,1.55
2026-02-13,1318,L,0.61
2026-02-13,1909,H,1.19
2026-02-13,1933,L,1.35
2026-02-14,0030,L,0.71
2026-02-14,0708,H,1.63
2026-02-14,1400,L,0.53
2026-02-14,1905,H,1.70
2026-02-15,0117,L,0.64
2026-02-15,0751,H,1.71
2026-02-15,1436,L,0.45
2026-02-15,2028,H,1.32
2026-02-16,0200,L,0.57
2026-02-16,0830,H,1.78
2026-02-16,1510,L,0.39
2026-02-16,2103,H,1.39
2026-02-17,0239,L,0.50
2026-02-17,0907,H,1.83
2026-02-17,1543,L,0.34
2026-02-17,2138,H,1.46
2026-02-18,0319,L,0.45
2026-02-18,0945,H,1.85
2026-02-18,1615,L,0.30
2026-02-18,2215,H,1.53
2026-02-19,0401,L,0.42
2026-02-19,1023,H,1.84
2026-02-19,1648,L,0.30
2026-02-19,2253,H,1.59
2026-02-20,0446,L,0.42
2026-02-20,1103,H,1.77
2026-02-20,1723,L,0.32
2026-02-20,2254,H,1.63
2026-02-21,0534,L,0.44
2026-02-21,1145,H,1.67
2026-02-21,1759,L,0.38
2026-02-21,2307,H,1.84
2026-02-22,0017,H,1.67
2026-02-22,0627,L,0.48
2026-02-22,1231,H,1.54
2026-02-22,2352,L,1.84
2026-02-23,0104,H,1.67
2026-02-23,0726,L,0.53
2026-02-23,1324,H,1.40
2026-02-23,1922,L,0.55
2026-02-24,0158,H,1.66
2026-02-24,0835,L,0.58
2026-02-24,1428,H,1.26
2026-02-24,2016,L,0.64
2026-02-25,0302,H,1.64
2026-02-25,1000,L,0.60
2026-02-25,1552,H,1.18
2026-02-25,2128,L,0.70
2026-02-26,0418,H,1.65
2026-02-26,1126,L,0.56
2026-02-26,1725,H,1.18
2026-02-26,2250,L,0.70
2026-02-27,0534,H,1.71
2026-02-27,1237,L,0.48
2026-02-27,1838,H,1.25
2026-02-27,2137,L,0.85
2026-02-28,0004,L,0.64
2026-02-28,0640,H,1.78
2026-02-28,1334,L,0.39
2026-02-28,2258,H,0.82
# --- March 2026 ---
2026-03-01,0106,L,0.55
2026-03-01,0736,H,1.85
2026-03-01,1421,L,0.33
2026-03-01,2019,H,1.43
2026-03-02,0200,L,0.47
2026-03-02,0825,H,1.89
2026-03-02,1501,L,0.30
2026-03-02,2101,H,1.51
2026-03-03,0247,L,0.42
2026-03-03,0909,H,1.87
2026-03-03,1539,L,0.30
2026-03-03,2141,H,1.57
2026-03-04,0332,L,0.41
2026-03-04,0950,H,1.82
2026-03-04,1612,L,0.33
2026-03-04,2218,H,1.61
2026-03-05,0415,L,0.42
2026-03-05,1029,H,1.73
2026-03-05,1643,L,0.39
2026-03-05,2225,H,1.80
2026-03-06,0458,L,0.47
2026-03-06,1105,H,1.61
2026-03-06,1712,L,0.46
2026-03-06,2259,H,1.68
2026-03-07,0540,L,0.52
2026-03-07,1142,H,1.49
2026-03-07,1739,L,0.53
2026-03-07,2339,H,1.62
2026-03-08,0003,H,1.62
2026-03-08,0623,L,0.59
2026-03-08,1218,H,1.38
2026-03-08,1806,L,0.61
2026-03-09,0040,H,1.59
2026-03-09,0710,L,0.65
2026-03-09,1258,H,1.28
2026-03-09,1838,L,0.68
2026-03-10,0120,H,1.54
2026-03-10,0804,L,0.71
2026-03-10,1346,H,1.19
2026-03-10,1918,L,0.76
2026-03-11,0211,H,1.49
2026-03-11,0912,L,0.74
2026-03-11,1451,H,1.12
2026-03-11,2017,L,0.82
2026-03-12,0315,H,1.46
2026-03-12,1030,L,0.74
2026-03-12,1617,H,1.11
2026-03-12,2249,L,0.74
2026-03-13,0431,H,1.47
2026-03-13,1144,L,0.70
2026-03-13,1742,H,1.15
2026-03-13,2319,L,0.70
2026-03-14,0540,H,1.52
2026-03-14,1239,L,0.62
2026-03-14,1838,H,1.22
2026-03-15,0002,L,0.75
2026-03-15,0633,H,1.60
2026-03-15,1321,L,0.54
2026-03-15,1919,H,1.31
2026-03-16,0052,L,0.66
2026-03-16,0717,H,1.68
2026-03-16,1357,L,0.46
2026-03-16,1956,H,1.41
2026-03-17,0136,L,0.57
2026-03-17,0757,H,1.75
2026-03-17,1430,L,0.39
2026-03-17,2030,H,1.51
2026-03-18,0219,L,0.48
2026-03-18,0837,H,1.80
2026-03-18,1502,L,0.34
2026-03-18,2107,H,1.62
2026-03-19,0302,L,0.41
2026-03-19,0917,H,1.80
2026-03-19,1536,L,0.31
2026-03-19,2145,H,1.72
2026-03-20,0347,L,0.37
2026-03-20,1000,H,1.77
2026-03-20,1611,L,0.32
2026-03-20,2224,H,1.72
2026-03-21,0436,L,0.35
2026-03-21,1045,H,1.69
2026-03-21,1648,L,0.37
2026-03-21,2329,H,1.93
2026-03-22,0528,L,0.37
2026-03-22,1133,H,1.58
2026-03-22,1728,L,0.45
2026-03-23,0623,L,0.42
2026-03-23,1225,H,1.45
2026-03-23,1811,L,0.55
2026-03-23,1901,H,0.77
2026-03-24,0043,H,1.81
2026-03-24,0727,L,0.48
2026-03-24,1324,H,1.32
2026-03-24,1901,L,0.65
2026-03-25,0140,H,1.75
2026-03-25,0839,L,0.54
2026-03-25,1435,H,1.23
2026-03-25,2004,L,0.73
2026-03-26,0249,H,1.70
2026-03-26,1000,L,0.56
2026-03-26,1603,H,1.20
2026-03-26,2125,L,0.77
2026-03-27,0409,H,1.67
2026-03-27,1116,L,0.53
2026-03-27,1725,H,1.25
2026-03-27,2223,L,0.79
2026-03-28,0524,H,1.70
2026-03-28,1219,L,0.49
2026-03-28,1827,H,1.34
2026-03-29,0000,L,0.67
2026-03-29,0626,H,1.73
2026-03-29,1309,L,0.44
2026-03-30,0059,L,0.58
2026-03-30,0717,H,1.75
2026-03-30,1350,L,0.41
2026-03-30,1957,H,1.53
2026-03-31,0149,L,0.52
2026-03-31,0802,H,1.74
2026-03-31,1427,L,0.40
2026-03-31,2035,H,1.61
# --- April 2026 ---
2026-04-01,0235,L,0.48
2026-04-01,0844,H,1.71
2026-04-01,1500,L,0.42
2026-04-01,2112,H,1.68
2026-04-02,0317,L,0.46
2026-04-02,0923,H,1.64
2026-04-02,1530,L,0.45
2026-04-02,2145,H,1.72
2026-04-03,0359,L,0.47
2026-04-03,1000,H,1.57
2026-04-03,1558,L,0.50
2026-04-03,2218,H,1.74
2026-04-04,0438,L,0.49
2026-04-04,1037,H,1.49
2026-04-04,1625,L,0.56
2026-04-04,2251,H,1.74
2026-04-05,0418,L,0.53
2026-04-05,1015,H,1.41
2026-04-05,1553,L,0.62
2026-04-05,2235,H,1.99
2026-04-06,0500,L,0.57
2026-04-06,1053,H,1.33
2026-04-06,1623,L,0.68
2026-04-07,0544,L,0.62
2026-04-07,1135,H,1.26
2026-04-07,1659,L,0.75
2026-04-08,0635,L,0.68
2026-04-08,1224,H,1.21
2026-04-08,1742,L,0.81
2026-04-09,0028,H,1.56
2026-04-09,0735,L,0.72
2026-04-09,1324,H,1.17
2026-04-09,1839,L,0.86
2026-04-10,0128,H,1.51
2026-04-10,0845,L,0.72
2026-04-10,1439,H,1.16
2026-04-10,1954,L,0.88
2026-04-11,0240,H,1.50
2026-04-11,0950,L,0.69
2026-04-11,1555,H,1.21
2026-04-11,2115,L,0.86
2026-04-12,0349,H,1.53
2026-04-12,1044,L,0.63
2026-04-12,1652,H,1.29
2026-04-12,2345,L,0.65
2026-04-13,0445,H,1.59
2026-04-13,1127,L,0.55
2026-04-13,1736,H,1.40
2026-04-14,0534,H,1.66
2026-04-14,1205,L,0.48
2026-04-14,1815,H,1.53
2026-04-15,0009,L,0.59
2026-04-15,0618,H,1.70
2026-04-15,1242,L,0.42
2026-04-15,1854,H,1.67
2026-04-16,0057,L,0.49
2026-04-16,0703,H,1.73
2026-04-16,1317,L,0.38
2026-04-16,1933,H,1.80
2026-04-17,0145,L,0.40
2026-04-17,0750,H,1.71
2026-04-17,1356,L,0.38
2026-04-17,2015,H,1.91
2026-04-18,0234,L,0.34
2026-04-18,0839,H,1.66
2026-04-18,1435,L,0.41
2026-04-18,2059,H,1.98
2026-04-19,0327,L,0.32
2026-04-19,0930,H,1.59
2026-04-19,1517,L,0.46
2026-04-19,2145,H,2.01
2026-04-20,0422,L,0.33
2026-04-20,1025,H,1.49
2026-04-20,1603,L,0.54
2026-04-21,0522,L,0.37
2026-04-21,1123,H,1.40
2026-04-21,1655,L,0.63
2026-04-22,0627,L,0.44
2026-04-22,1228,H,1.32
2026-04-22,1753,L,0.71
2026-04-23,0030,H,1.84
2026-04-23,0737,L,0.49
2026-04-23,1340,H,1.28
2026-04-24,0139,H,1.75
2026-04-24,0848,L,0.52
2026-04-24,1456,H,1.29
2026-04-24,2019,L,0.79
2026-04-25,0253,H,1.69
2026-04-25,0951,L,0.53
2026-04-25,1603,H,1.35
2026-04-25,2137,L,0.76
2026-04-26,0401,H,1.66
2026-04-26,1045,L,0.53
2026-04-26,1659,H,1.44
2026-04-26,2245,L,0.71
2026-04-27,0500,H,1.64
2026-04-27,1130,L,0.52
2026-04-27,1746,H,1.54
2026-04-28,0549,H,1.61
2026-04-28,1208,L,0.51
2026-04-28,1828,H,1.63
2026-04-29,0036,L,0.60
2026-04-29,0634,H,1.58
2026-04-29,1243,L,0.52
2026-04-30,0120,L,0.56
2026-04-30,0715,H,1.53
2026-04-30,1314,L,0.54
2026-04-30,1940,H,1.76
# --- May 2026 ---
2026-05-01,0201,L,0.53
2026-05-01,0755,H,1.49
2026-05-01,1344,L,0.57
2026-05-01,2013,H,1.80
2026-05-02,0241,L,0.52
2026-05-02,0833,H,1.44
2026-05-02,1414,L,0.61
2026-05-02,2045,H,1.81
2026-05-03,0319,L,0.52
2026-05-03,0913,H,1.40
2026-05-03,1445,L,0.65
2026-05-03,2118,H,1.81
2026-05-04,0358,L,0.54
2026-05-04,0952,H,1.36
2026-05-04,1517,L,0.69
2026-05-04,2153,H,1.79
2026-05-05,0438,L,0.57
2026-05-05,1032,H,1.32
2026-05-05,1553,L,0.74
2026-05-05,2230,H,1.75
2026-05-06,0521,L,0.61
2026-05-06,1115,H,1.28
2026-05-06,1631,L,0.78
2026-05-06,2310,H,1.70
2026-05-07,0609,L,0.65
2026-05-07,1203,H,1.25
2026-05-07,1717,L,0.82
2026-05-07,2356,H,1.64
2026-05-08,0702,L,0.68
2026-05-08,1258,H,1.23
2026-05-08,1811,L,0.86
2026-05-08,2002,H,0.78
2026-05-09,0049,H,1.59
2026-05-09,0800,L,0.68
2026-05-09,1400,H,1.24
2026-05-09,1916,L,0.88
2026-05-10,0149,H,1.56
2026-05-10,0855,L,0.65
2026-05-10,1503,H,1.29
2026-05-10,2029,L,0.87
2026-05-11,0254,H,1.56
2026-05-11,0945,L,0.60
2026-05-11,1600,H,1.39
2026-05-11,2139,L,0.81
2026-05-12,0354,H,1.58
2026-05-12,1029,L,0.55
2026-05-12,1647,H,1.51
2026-05-12,2244,L,0.73
2026-05-13,0449,H,1.60
2026-05-13,1111,L,0.50
2026-05-13,1732,H,1.65
2026-05-13,2342,L,0.61
2026-05-14,0542,H,1.62
2026-05-14,1152,L,0.46
2026-05-14,1816,H,1.80
2026-05-14,1908,L,1.78
2026-05-15,0036,L,0.50
2026-05-15,0634,H,1.61
2026-05-15,1234,L,0.45
2026-05-15,1901,H,1.93
2026-05-16,0130,L,0.40
2026-05-16,0728,H,1.59
2026-05-16,1318,L,0.46
2026-05-16,1948,H,2.04
2026-05-17,0224,L,0.32
2026-05-17,0823,H,1.55
2026-05-17,1405,L,0.49
2026-05-17,2037,H,2.10
2026-05-18,0319,L,0.29
2026-05-18,0920,H,1.50
2026-05-18,1455,L,0.53
2026-05-18,2129,H,2.11
2026-05-19,0416,L,0.30
2026-05-19,1018,H,1.45
2026-05-19,1548,L,0.58
2026-05-19,2222,H,2.08
2026-05-20,0516,L,0.33
2026-05-20,1118,H,1.40
2026-05-20,1645,L,0.64
2026-05-20,2317,H,2.00
2026-05-21,0617,L,0.39
2026-05-21,1220,H,1.37
2026-05-21,1745,L,0.70
2026-05-21,1935,H,0.75
2026-05-22,0016,H,1.89
2026-05-22,0719,L,0.45
2026-05-22,1325,H,1.36
2026-05-22,1851,L,0.75
2026-05-23,0119,H,1.77
2026-05-23,0818,L,0.51
2026-05-23,1429,H,1.39
2026-05-23,1950,L,0.83
2026-05-24,0224,H,1.67
2026-05-24,0911,L,0.55
2026-05-24,1528,H,1.44
2026-05-24,2115,L,0.78
2026-05-25,0327,H,1.58
2026-05-25,0959,L,0.57
2026-05-25,1622,H,1.52
2026-05-25,2224,L,0.76
2026-05-26,0424,H,1.50
2026-05-26,1041,L,0.59
2026-05-26,1710,H,1.60
2026-05-26,2326,L,0.72
2026-05-27,0515,H,1.45
2026-05-27,1118,L,0.61
2026-05-27,1753,H,1.67
2026-05-27,1841,L,1.75
2026-05-28,0019,L,0.67
2026-05-28,0603,H,1.41
2026-05-28,1155,L,0.62
2026-05-28,1832,H,1.73
2026-05-29,0105,L,0.62
2026-05-29,0647,H,1.39
2026-05-29,1230,L,0.64
2026-05-29,1930,H,2.08
2026-05-30,0145,L,0.58
2026-05-30,0730,H,1.37
2026-05-30,1304,L,0.65
2026-05-30,1944,H,1.82
2026-05-31,0224,L,0.55
2026-05-31,0811,H,1.36
2026-05-31,1339,L,0.67
2026-05-31,2018,H,1.84
# --- June 2026 ---
2026-06-01,0300,L,0.53
2026-06-01,0851,H,1.35
2026-06-01,1415,L,0.69
2026-06-01,2054,H,1.84
2026-06-02,0339,L,0.53
2026-06-02,0931,H,1.33
2026-06-02,1452,L,0.70
2026-06-02,2130,H,1.83
2026-06-03,0418,L,0.55
2026-06-03,1012,H,1.32
2026-06-03,1531,L,0.72
2026-06-03,2208,H,1.80
2026-06-04,0459,L,0.57
2026-06-04,1054,H,1.30
2026-06-04,1613,L,0.75
2026-06-04,2247,H,1.76
2026-06-05,0542,L,0.59
2026-06-05,1138,H,1.29
2026-06-05,1657,L,0.78
2026-06-05,2330,H,1.71
2026-06-06,0627,L,0.60
2026-06-06,1227,H,1.30
2026-06-06,1747,L,0.80
2026-06-06,2011,H,0.76
2026-06-07,0015,H,1.66
2026-06-07,0713,L,0.60
2026-06-07,1320,H,1.33
2026-06-07,1845,L,0.83
2026-06-08,0106,H,1.60
2026-06-08,0800,L,0.59
2026-06-08,1415,H,1.39
2026-06-08,2157,L,0.78
2026-06-09,0203,H,1.56
2026-06-09,0846,L,0.57
2026-06-09,1510,H,1.48
2026-06-09,2101,L,0.79
2026-06-10,0306,H,1.52
2026-06-10,0933,L,0.55
2026-06-10,1602,H,1.60
2026-06-10,2213,L,0.72
2026-06-11,0410,H,1.50
2026-06-11,1021,L,0.53
2026-06-11,1654,H,1.73
2026-06-11,2320,L,0.61
2026-06-12,0513,H,1.48
2026-06-12,1109,L,0.51
2026-06-12,1745,H,1.87
2026-06-12,1821,L,1.97
2026-06-13,0022,L,0.49
2026-06-13,0614,H,1.48
2026-06-13,1200,L,0.51
2026-06-13,1836,H,1.99
2026-06-14,0120,L,0.38
2026-06-14,0714,H,1.47
2026-06-14,1252,L,0.51
2026-06-14,1958,H,1.82
2026-06-15,0216,L,0.29
2026-06-15,0813,H,1.46
2026-06-15,1345,L,0.51
2026-06-15,2023,H,2.14
2026-06-16,0312,L,0.25
2026-06-16,0910,H,1.45
2026-06-16,1441,L,0.52
2026-06-16,2116,H,2.15
2026-06-17,0406,L,0.25
2026-06-17,1006,H,1.44
2026-06-17,1537,L,0.54
2026-06-17,2210,H,2.10
2026-06-18,0500,L,0.29
2026-06-18,1102,H,1.43
2026-06-18,1633,L,0.57
2026-06-18,2302,H,2.01
2026-06-19,0554,L,0.35
2026-06-19,1158,H,1.43
2026-06-19,1731,L,0.63
2026-06-19,2355,H,1.87
2026-06-20,0645,L,0.43
2026-06-20,1254,H,1.44
2026-06-20,1831,L,0.69
2026-06-20,2344,H,1.66
2026-06-21,0049,H,1.72
2026-06-21,0734,L,0.50
2026-06-21,1349,H,1.46
2026-06-21,2021,L,0.65
2026-06-22,0145,H,1.57
2026-06-22,0819,L,0.57
2026-06-22,1445,H,1.49
2026-06-22,2045,L,0.78
2026-06-23,0242,H,1.43
2026-06-23,0903,L,0.62
2026-06-23,1538,H,1.54
2026-06-23,2034,L,0.73
2026-06-24,0342,H,1.34
2026-06-24,0946,L,0.65
2026-06-24,1629,H,1.59
2026-06-24,2304,L,0.75
2026-06-25,0441,H,1.28
2026-06-25,1030,L,0.67
2026-06-25,1716,H,1.65
2026-06-25,2308,L,0.57
2026-06-26,0001,L,0.69
2026-06-26,0536,H,1.27
2026-06-26,1113,L,0.68
2026-06-26,1800,H,1.70
2026-06-27,0048,L,0.63
2026-06-27,0627,H,1.27
2026-06-27,1155,L,0.68
2026-06-27,1900,H,1.73
2026-06-28,0129,L,0.57
2026-06-28,0712,H,1.29
2026-06-28,1236,L,0.67
2026-06-28,1919,H,1.79
2026-06-29,0207,L,0.53
2026-06-29,0753,H,1.31
2026-06-29,1316,L,0.66
2026-06-29,2012,H,2.11
2026-06-30,0243,L,0.50
2026-06-30,0832,H,1.32
2026-06-30,1356,L,0.65
2026-06-30,2034,H,1.83
# --- July 2026 ---
2026-07-01,0319,L,0.48
2026-07-01,0910,H,1.33
2026-07-01,1434,L,0.64
2026-07-01,2111,H,1.84
2026-07-02,0356,L,0.48
2026-07-02,0948,H,1.33
2026-07-02,1514,L,0.64
2026-07-02,2147,H,1.82
2026-07-03,0432,L,0.48
2026-07-03,1028,H,1.34
2026-07-03,1555,L,0.65
2026-07-03,2225,H,1.79
2026-07-04,0509,L,0.49
2026-07-04,1110,H,1.36
2026-07-04,1638,L,0.68
2026-07-04,2303,H,1.73
2026-07-05,0547,L,0.50
2026-07-05,1154,H,1.38
2026-07-05,1726,L,0.70
2026-07-05,1904,H,0.70
2026-07-06,0627,L,0.51
2026-07-06,1241,H,1.42
2026-07-06,1820,L,0.73
2026-07-06,2202,H,0.71
2026-07-07,0030,H,1.58
2026-07-07,0709,L,0.52
2026-07-07,1331,H,1.48
2026-07-07,1922,L,0.75
2026-07-08,0124,H,1.48
2026-07-08,0755,L,0.54
2026-07-08,1426,H,1.55
2026-07-08,2238,L,0.74
2026-07-09,0230,H,1.40
2026-07-09,0845,L,0.56
2026-07-09,1524,H,1.64
2026-07-09,2153,L,0.67
2026-07-10,0344,H,1.35
2026-07-10,0941,L,0.57
2026-07-10,1623,H,1.74
2026-07-10,1813,L,1.91
2026-07-11,0457,H,1.33
2026-07-11,1040,L,0.56
2026-07-11,1723,H,1.86
2026-07-11,1817,L,1.68
2026-07-12,0015,L,0.45
2026-07-12,0605,H,1.35
2026-07-12,1140,L,0.54
2026-07-12,1958,H,2.03
2026-07-13,0114,L,0.33
2026-07-13,0706,H,1.38
2026-07-13,1239,L,0.50
2026-07-13,1917,H,2.06
2026-07-14,0208,L,0.25
2026-07-14,0803,H,1.42
2026-07-14,1335,L,0.46
2026-07-14,2014,H,1.81
2026-07-15,0259,L,0.21
2026-07-15,0856,H,1.45
2026-07-15,1430,L,0.44
2026-07-15,2103,H,2.11
2026-07-16,0347,L,0.21
2026-07-16,0947,H,1.47
2026-07-16,1524,L,0.44
2026-07-16,2153,H,2.05
2026-07-17,0434,L,0.25
2026-07-17,1037,H,1.49
2026-07-17,1617,L,0.48
2026-07-17,2240,H,1.93
2026-07-18,0518,L,0.32
2026-07-18,1126,H,1.49
2026-07-18,1711,L,0.54
2026-07-18,2327,H,1.77
2026-07-19,0600,L,0.41
2026-07-19,1215,H,1.50
2026-07-19,1805,L,0.62
2026-07-19,1933,H,0.70
2026-07-20,0013,H,1.59
2026-07-20,0641,L,0.50
2026-07-20,1303,H,1.50
2026-07-20,1906,L,0.65
2026-07-21,0100,H,1.42
2026-07-21,0720,L,0.58
2026-07-21,1355,H,1.50
2026-07-22,0154,H,1.28
2026-07-22,0802,L,0.65
2026-07-22,1448,H,1.52
2026-07-22,2124,L,0.77
2026-07-23,0258,H,1.19
2026-07-23,0850,L,0.69
2026-07-23,1544,H,1.54
2026-07-23,2305,L,0.51
2026-07-24,0409,H,1.15
2026-07-24,0945,L,0.71
2026-07-24,1640,H,1.57
2026-07-24,2339,L,0.68
2026-07-25,0515,H,1.16
2026-07-25,1040,L,0.71
2026-07-25,1731,H,1.62
2026-07-25,1834,L,1.67
2026-07-26,0029,L,0.61
2026-07-26,0610,H,1.20
2026-07-26,1131,L,0.69
2026-07-26,1908,H,1.99
2026-07-27,0110,L,0.54
2026-07-27,0655,H,1.24
2026-07-27,1218,L,0.65
2026-07-27,1947,H,1.77
2026-07-28,0146,L,0.48
2026-07-28,0734,H,1.28
2026-07-28,1300,L,0.61
2026-07-28,1938,H,1.78
2026-07-29,0221,L,0.44
2026-07-29,0811,H,1.32
2026-07-29,1339,L,0.57
2026-07-29,2130,H,1.91
2026-07-30,0254,L,0.40
2026-07-30,0845,H,1.35
2026-07-30,1417,L,0.54
2026-07-30,2049,H,1.83
2026-07-31,0327,L,0.38
2026-07-31,0922,H,1.39
2026-07-31,1457,L,0.53
2026-07-31,2124,H,1.81
# --- August 2026 ---
2026-08-01,0400,L,0.38
2026-08-01,1000,H,1.42
2026-08-01,1538,L,0.53
2026-08-01,2200,H,1.77
2026-08-02,0432,L,0.38
2026-08-02,1039,H,1.46
2026-08-02,1622,L,0.55
2026-08-02,2238,H,1.70
2026-08-03,0507,L,0.40
2026-08-03,1120,H,1.50
2026-08-03,1710,L,0.58
2026-08-03,2318,H,1.60
2026-08-04,0544,L,0.44
2026-08-04,1205,H,1.53
2026-08-04,1803,L,0.62
2026-08-05,0005,H,1.48
2026-08-05,0624,L,0.49
2026-08-05,1254,H,1.56
2026-08-05,2045,L,0.73
2026-08-06,0100,H,1.36
2026-08-06,0712,L,0.55
2026-08-06,1350,H,1.59
2026-08-07,0211,H,1.26
2026-08-07,0809,L,0.60
2026-08-07,1456,H,1.64
2026-08-07,2147,L,0.61
2026-08-08,0335,H,1.21
2026-08-08,0917,L,0.61
2026-08-08,1605,H,1.71
2026-08-09,0457,H,1.23
2026-08-09,1029,L,0.59
2026-08-09,1713,H,1.81
2026-08-09,1752,L,1.60
2026-08-10,0010,L,0.39
2026-08-10,0603,H,1.29
2026-08-10,1134,L,0.52
2026-08-11,0105,L,0.28
2026-08-11,0700,H,1.36
2026-08-11,1232,L,0.45
2026-08-11,1912,H,1.73
2026-08-12,0153,L,0.21
2026-08-12,0749,H,1.43
2026-08-12,1328,L,0.38
2026-08-13,0238,L,0.18
2026-08-13,0837,H,1.49
2026-08-13,1419,L,0.35
2026-08-13,2045,H,2.00
2026-08-14,0320,L,0.20
2026-08-14,0922,H,1.53
2026-08-14,1509,L,0.36
2026-08-14,2059,H,1.76
2026-08-15,0400,L,0.25
2026-08-15,1006,H,1.56
2026-08-15,1559,L,0.40
2026-08-15,2214,H,1.77
2026-08-16,0436,L,0.33
2026-08-16,1049,H,1.56
2026-08-16,1647,L,0.48
2026-08-16,2255,H,1.61
2026-08-17,0511,L,0.42
2026-08-17,1131,H,1.56
2026-08-17,1738,L,0.56
2026-08-17,2336,H,1.44
2026-08-18,0545,L,0.52
2026-08-18,1215,H,1.53
2026-08-18,1832,L,0.64
2026-08-19,0020,H,1.29
2026-08-19,0619,L,0.60
2026-08-19,1300,H,1.51
2026-08-20,0111,H,1.17
2026-08-20,0700,L,0.67
2026-08-20,1353,H,1.48
2026-08-21,0217,H,1.10
2026-08-21,0755,L,0.73
2026-08-21,1455,H,1.47
2026-08-22,0339,H,1.08
2026-08-22,0904,L,0.75
2026-08-22,1601,H,1.49
2026-08-22,2309,L,0.65
2026-08-23,0454,H,1.11
2026-08-23,1014,L,0.73
2026-08-23,1702,H,1.54
2026-08-24,0000,L,0.58
2026-08-24,0549,H,1.17
2026-08-24,1112,L,0.68
2026-08-25,0042,L,0.50
2026-08-25,0632,H,1.24
2026-08-25,1200,L,0.61
2026-08-26,0116,L,0.43
2026-08-26,0709,H,1.30
2026-08-26,1242,L,0.55
2026-08-27,0149,L,0.38
2026-08-27,0743,H,1.37
2026-08-27,1321,L,0.49
2026-08-28,0219,L,0.33
2026-08-28,0816,H,1.43
2026-08-28,1400,L,0.44
2026-08-28,2022,H,1.78
2026-08-29,0250,L,0.31
2026-08-29,0852,H,1.50
2026-08-29,1441,L,0.42
2026-08-30,0321,L,0.30
2026-08-30,0929,H,1.56
2026-08-30,1523,L,0.41
2026-08-30,2137,H,1.70
2026-08-31,0354,L,0.32
2026-08-31,1007,H,1.61
2026-08-31,1609,L,0.42
2026-08-31,2217,H,1.61
# --- September 2026 ---
2026-09-01,0429,L,0.37
2026-09-01,1049,H,1.64
2026-09-01,1659,L,0.46
2026-09-01,2301,H,1.49
2026-09-02,0507,L,0.44
2026-09-02,1134,H,1.65
2026-09-02,1755,L,0.51
2026-09-02,2352,H,1.36
2026-09-03,0550,L,0.52
2026-09-03,1226,H,1.63
2026-09-03,1900,L,0.55
2026-09-03,2002,H,0.68
2026-09-04,0054,H,1.24
2026-09-04,0644,L,0.60
2026-09-04,1327,H,1.62
2026-09-04,2021,L,0.57
2026-09-05,0212,H,1.16
2026-09-05,0751,L,0.65
2026-09-05,1440,H,1.62
2026-09-05,2147,L,0.53
2026-09-06,0343,H,1.15
2026-09-06,0911,L,0.65
2026-09-06,1557,H,1.67
2026-09-06,2300,L,0.44
2026-09-07,0459,H,1.22
2026-09-07,1027,L,0.59
2026-09-07,1705,H,1.75
2026-09-07,2358,L,0.35
2026-09-08,0557,H,1.31
2026-09-08,1131,L,0.50
2026-09-08,1800,L,1.61
2026-09-08,1802,H,1.83
2026-09-09,0046,L,0.27
2026-09-09,0645,H,1.41
2026-09-09,1228,L,0.41
2026-09-09,1853,H,1.88
2026-09-10,0129,L,0.22
2026-09-10,0730,H,1.50
2026-09-10,1318,L,0.35
2026-09-10,1940,H,1.87
2026-09-11,0208,L,0.22
2026-09-11,0813,H,1.58
2026-09-11,1407,L,0.32
2026-09-11,2023,H,1.81
2026-09-12,0245,L,0.25
2026-09-12,0853,H,1.62
2026-09-12,1454,L,0.33
2026-09-12,2105,H,1.71
2026-09-13,0318,L,0.31
2026-09-13,0932,H,1.65
2026-09-13,1540,L,0.37
2026-09-13,2145,H,1.59
2026-09-14,0350,L,0.38
2026-09-14,1010,H,1.65
2026-09-14,1625,L,0.43
2026-09-14,2225,H,1.45
2026-09-15,0420,L,0.47
2026-09-15,1048,H,1.63
2026-09-15,1711,L,0.51
2026-09-15,2305,H,1.33
2026-09-16,0451,L,0.56
2026-09-16,1127,H,1.58
2026-09-16,1800,L,0.58
2026-09-16,2347,H,1.22
2026-09-17,0525,L,0.64
2026-09-17,1208,H,1.53
2026-09-17,1856,L,0.64
2026-09-17,2019,H,0.63
2026-09-18,0038,H,1.13
2026-09-18,0608,L,0.71
2026-09-18,1259,H,1.47
2026-09-18,2020,L,0.48
2026-09-19,0144,H,1.08
2026-09-19,0708,L,0.76
2026-09-19,1401,H,1.43
2026-09-19,2117,L,0.68
2026-09-20,0306,H,1.07
2026-09-20,0826,L,0.78
2026-09-20,1516,H,1.43
2026-09-20,2226,L,0.63
2026-09-21,0423,H,1.12
2026-09-21,0942,L,0.75
2026-09-21,1623,H,1.47
2026-09-21,2318,L,0.56
2026-09-22,0516,H,1.19
2026-09-22,1045,L,0.69
2026-09-22,1716,H,1.54
2026-09-22,1845,L,1.71
2026-09-23,0000,L,0.49
2026-09-23,0559,H,1.28
2026-09-23,1135,L,0.61
2026-09-23,1933,H,1.71
2026-09-24,0035,L,0.42
2026-09-24,0635,H,1.37
2026-09-24,1219,L,0.52
2026-09-24,1838,H,1.66
2026-09-25,0106,L,0.36
2026-09-25,0709,H,1.47
2026-09-25,1300,L,0.45
2026-09-25,1915,H,1.69
2026-09-26,0137,L,0.31
2026-09-26,0744,H,1.57
2026-09-26,1342,L,0.38
2026-09-26,1954,H,1.70
2026-09-27,0209,L,0.29
2026-09-27,0819,H,1.66
2026-09-27,1425,L,0.34
2026-09-27,2033,H,1.66
2026-09-28,0242,L,0.30
2026-09-28,0858,H,1.73
2026-09-28,1511,L,0.32
2026-09-28,2116,H,1.60
2026-09-29,0317,L,0.34
2026-09-29,0939,H,1.78
2026-09-29,1600,L,0.32
2026-09-29,2203,H,1.50
2026-09-30,0357,L,0.40
2026-09-30,1023,H,1.79
2026-09-30,1653,L,0.36
2026-09-30,2254,H,1.39
# --- October 2026 ---
2026-10-01,0440,L,0.48
2026-10-01,1112,H,1.77
2026-10-01,1752,L,0.41
2026-10-01,2351,H,1.28
2026-10-02,0530,L,0.57
2026-10-02,1207,H,1.72
2026-10-02,1901,L,0.46
2026-10-02,2211,H,0.43
2026-10-03,0100,H,1.19
2026-10-03,0632,L,0.65
2026-10-03,1313,H,1.66
2026-10-03,2126,L,0.64
2026-10-04,0322,H,1.16
2026-10-04,0848,L,0.68
2026-10-04,1529,H,1.64
2026-10-04,2237,L,0.46
2026-10-05,0444,H,1.20
2026-10-05,1010,L,0.66
2026-10-05,1645,H,1.65
2026-10-05,2341,L,0.41
2026-10-06,0547,H,1.29
2026-10-06,1123,L,0.59
2026-10-06,1750,H,1.69
2026-10-06,1910,L,1.51
2026-10-07,0032,L,0.36
2026-10-07,0639,H,1.40
2026-10-07,1225,L,0.50
2026-10-07,1815,H,1.53
2026-10-08,0116,L,0.32
2026-10-08,0724,H,1.51
2026-10-08,1320,L,0.43
2026-10-08,1900,H,1.57
2026-10-09,0155,L,0.30
2026-10-09,0806,H,1.60
2026-10-09,1410,L,0.37
2026-10-09,2017,H,1.67
2026-10-10,0230,L,0.32
2026-10-10,0845,H,1.67
2026-10-10,1456,L,0.35
2026-10-10,2100,H,1.60
2026-10-11,0303,L,0.35
2026-10-11,0922,H,1.72
2026-10-11,1540,L,0.35
2026-10-11,2140,H,1.52
2026-10-12,0334,L,0.41
2026-10-12,0959,H,1.74
2026-10-12,1622,L,0.38
2026-10-12,2219,H,1.43
2026-10-13,0405,L,0.47
2026-10-13,1033,H,1.73
2026-10-13,1703,L,0.42
2026-10-13,2300,H,1.34
2026-10-14,0435,L,0.54
2026-10-14,1109,H,1.70
2026-10-14,1746,L,0.47
2026-10-14,2340,H,1.27
2026-10-15,0508,L,0.61
2026-10-15,1145,H,1.65
2026-10-15,1830,L,0.53
2026-10-15,1940,H,0.57
2026-10-16,0023,H,1.20
2026-10-16,0545,L,0.68
2026-10-16,1227,H,1.58
2026-10-16,1921,L,0.59
2026-10-17,0113,H,1.15
2026-10-17,0631,L,0.73
2026-10-17,1314,H,1.51
2026-10-17,2128,L,0.58
2026-10-18,0212,H,1.11
2026-10-18,0730,L,0.78
2026-10-18,1412,H,1.46
2026-10-18,2307,L,0.42
2026-10-19,0325,H,1.12
2026-10-19,0843,L,0.80
2026-10-19,1521,H,1.43
2026-10-19,2230,L,0.61
2026-10-20,0436,H,1.16
2026-10-20,1000,L,0.78
2026-10-20,1630,H,1.45
2026-10-20,2323,L,0.56
2026-10-21,0531,H,1.25
2026-10-21,1106,L,0.72
2026-10-21,1728,H,1.49
2026-10-21,1935,L,1.30
2026-10-22,0006,L,0.49
2026-10-22,0615,H,1.35
2026-10-22,1203,L,0.64
2026-10-22,1955,H,1.46
2026-10-23,0043,L,0.43
2026-10-23,0654,H,1.47
2026-10-23,1252,L,0.55
2026-10-23,2037,H,1.42
2026-10-24,0117,L,0.38
2026-10-24,0731,H,1.59
2026-10-24,1338,L,0.45
2026-10-24,1943,H,1.59
2026-10-25,0151,L,0.35
2026-10-25,0809,H,1.71
2026-10-25,1425,L,0.36
2026-10-25,2026,H,1.59
2026-10-26,0228,L,0.34
2026-10-26,0848,H,1.82
2026-10-26,1512,L,0.29
2026-10-26,2113,H,1.55
2026-10-27,0306,L,0.36
2026-10-27,0931,H,1.90
2026-10-27,1600,L,0.25
2026-10-27,2202,H,1.50
2026-10-28,0347,L,0.40
2026-10-28,1016,H,1.94
2026-10-28,1653,L,0.25
2026-10-28,2255,H,1.43
2026-10-29,0433,L,0.46
2026-10-29,1105,H,1.93
2026-10-29,1749,L,0.28
2026-10-29,2351,H,1.35
2026-10-30,0524,L,0.53
2026-10-30,1158,H,1.89
2026-10-30,1850,L,0.33
2026-10-30,2037,H,0.38
2026-10-31,0053,H,1.28
2026-10-31,0622,L,0.60
2026-10-31,1256,H,1.81
2026-10-31,1957,L,0.38
# --- November 2026 ---
2026-11-01,0201,H,1.24
2026-11-01,0729,L,0.66
2026-11-01,1400,H,1.72
2026-11-01,2106,L,0.42
2026-11-02,0315,H,1.25
2026-11-02,0843,L,0.68
2026-11-02,1512,H,1.65
2026-11-02,2223,L,0.48
2026-11-03,0424,H,1.31
2026-11-03,1000,L,0.66
2026-11-03,1623,H,1.61
2026-11-03,2218,L,0.55
2026-11-04,0522,H,1.39
2026-11-04,1111,L,0.62
2026-11-04,1726,H,1.58
2026-11-04,2356,L,0.42
2026-11-05,0613,H,1.50
2026-11-05,1215,L,0.55
2026-11-05,1821,H,1.55
2026-11-05,2346,L,0.47
2026-11-06,0038,L,0.41
2026-11-06,0658,H,1.59
2026-11-06,1311,L,0.49
2026-11-07,0115,L,0.42
2026-11-07,0739,H,1.68
2026-11-07,1400,L,0.45
2026-11-07,1913,H,1.47
2026-11-08,0149,L,0.45
2026-11-08,0817,H,1.74
2026-11-08,1445,L,0.41
2026-11-08,2004,H,1.47
2026-11-09,0223,L,0.48
2026-11-09,0853,H,1.77
2026-11-09,1526,L,0.40
2026-11-09,2118,H,1.37
2026-11-10,0255,L,0.52
2026-11-10,0929,H,1.79
2026-11-10,1606,L,0.40
2026-11-10,2159,H,1.33
2026-11-11,0328,L,0.56
2026-11-11,1003,H,1.78
2026-11-11,1645,L,0.42
2026-11-11,2238,H,1.29
2026-11-12,0402,L,0.60
2026-11-12,1039,H,1.75
2026-11-12,1724,L,0.45
2026-11-12,2318,H,1.26
2026-11-13,0439,L,0.64
2026-11-13,1116,H,1.71
2026-11-13,1805,L,0.50
2026-11-13,1909,H,0.30
2026-11-14,0000,H,1.22
2026-11-14,0519,L,0.69
2026-11-14,1156,H,1.65
2026-11-14,1850,L,0.54
2026-11-15,0047,H,1.20
2026-11-15,0605,L,0.73
2026-11-15,1240,H,1.59
2026-11-15,1944,L,0.52
2026-11-16,0139,H,1.18
2026-11-16,0658,L,0.77
2026-11-16,1330,H,1.53
2026-11-16,2033,L,0.59
2026-11-17,0239,H,1.19
2026-11-17,0800,L,0.79
2026-11-17,1426,H,1.48
2026-11-17,2114,L,0.54
2026-11-18,0341,H,1.24
2026-11-18,0910,L,0.79
2026-11-18,1528,H,1.45
2026-11-18,2310,L,0.51
2026-11-19,0437,H,1.32
2026-11-19,1020,L,0.76
2026-11-19,1630,H,1.44
2026-11-19,2304,L,0.51
2026-11-20,0526,H,1.43
2026-11-20,1125,L,0.68
2026-11-20,1727,H,1.45
2026-11-20,2343,L,0.51
2026-11-21,0610,H,1.56
2026-11-21,1223,L,0.58
2026-11-21,1820,H,1.46
2026-11-22,0027,L,0.44
2026-11-22,0653,H,1.70
2026-11-22,1317,L,0.47
2026-11-22,2020,H,1.29
2026-11-23,0108,L,0.42
2026-11-23,0737,H,1.83
2026-11-23,1410,L,0.36
2026-11-23,2101,H,1.29
2026-11-24,0152,L,0.41
2026-11-24,0822,H,1.94
2026-11-24,1501,L,0.27
2026-11-24,2058,H,1.46
2026-11-25,0238,L,0.42
2026-11-25,0911,H,2.01
2026-11-25,1554,L,0.21
2026-11-25,2152,H,1.43
2026-11-26,0327,L,0.44
2026-11-26,1001,H,2.05
2026-11-26,1647,L,0.19
2026-11-26,2248,H,1.40
2026-11-27,0419,L,0.47
2026-11-27,1054,H,2.04
2026-11-27,1744,L,0.21
2026-11-27,2345,H,1.37
2026-11-28,0515,L,0.52
2026-11-28,1147,H,1.98
2026-11-28,1841,L,0.26
2026-11-29,0045,H,1.34
2026-11-29,0615,L,0.56
2026-11-29,1244,H,1.89
2026-11-29,1939,L,0.32
2026-11-30,0146,H,1.34
2026-11-30,0718,L,0.61
2026-11-30,1343,H,1.77
2026-11-30,2044,L,0.47
# --- December 2026 ---
2026-12-01,0249,H,1.36
2026-12-01,0827,L,0.65
2026-12-01,1445,H,1.64
2026-12-01,2132,L,0.44
2026-12-02,0350,H,1.41
2026-12-02,0939,L,0.67
2026-12-02,1549,H,1.52
2026-12-03,0448,H,1.48
2026-12-03,1052,L,0.66
2026-12-03,1652,H,1.43
2026-12-03,2201,L,0.53
2026-12-04,0540,H,1.55
2026-12-04,1200,L,0.63
2026-12-04,1752,H,1.36
2026-12-04,2353,L,0.53
2026-12-05,0628,H,1.63
2026-12-05,1300,L,0.58
2026-12-05,1845,H,1.32
2026-12-06,0034,L,0.55
2026-12-06,0712,H,1.69
2026-12-06,1351,L,0.52
2026-12-07,0113,L,0.56
2026-12-07,0751,H,1.74
2026-12-07,1434,L,0.48
2026-12-07,1951,H,1.37
2026-12-08,0150,L,0.58
2026-12-08,0830,H,1.77
2026-12-08,1514,L,0.44
2026-12-08,2048,H,1.40
2026-12-09,0227,L,0.59
2026-12-09,0906,H,1.79
2026-12-09,1551,L,0.42
2026-12-09,2141,H,1.29
2026-12-10,0304,L,0.60
2026-12-10,0943,H,1.79
2026-12-10,1628,L,0.42
2026-12-10,2219,H,1.29
2026-12-11,0342,L,0.61
2026-12-11,1019,H,1.78
2026-12-11,1704,L,0.43
2026-12-11,2258,H,1.28
2026-12-12,0420,L,0.63
2026-12-12,1056,H,1.76
2026-12-12,1742,L,0.46
2026-12-12,2337,H,1.27
2026-12-13,0500,L,0.65
2026-12-13,1133,H,1.72
2026-12-13,1820,L,0.48
2026-12-14,0019,H,1.26
2026-12-14,0543,L,0.68
2026-12-14,1212,H,1.66
2026-12-14,1901,L,0.51
2026-12-15,0104,H,1.27
2026-12-15,0630,L,0.71
2026-12-15,1253,H,1.59
2026-12-16,0154,H,1.29
2026-12-16,0723,L,0.75
2026-12-16,1339,H,1.52
2026-12-16,2028,L,0.53
2026-12-17,0247,H,1.33
2026-12-17,0825,L,0.77
2026-12-17,1431,H,1.45
2026-12-18,0342,H,1.40
2026-12-18,0933,L,0.76
2026-12-18,1532,H,1.39
2026-12-19,0435,H,1.50
2026-12-19,1046,L,0.70
2026-12-19,1640,H,1.35
2026-12-19,2251,L,0.53
2026-12-20,0528,H,1.61
2026-12-20,1157,L,0.61
2026-12-20,1747,H,1.34
2026-12-21,0619,H,1.74
2026-12-21,1300,L,0.49
2026-12-21,1850,H,1.35
2026-12-22,0034,L,0.49
2026-12-22,0712,H,1.87
2026-12-22,1359,L,0.36
2026-12-23,0128,L,0.47
2026-12-23,0804,H,1.98
2026-12-23,1453,L,0.25
2026-12-24,0221,L,0.44
2026-12-24,0858,H,2.07
2026-12-24,1546,L,0.18
2026-12-24,2144,H,1.42
2026-12-25,0315,L,0.43
2026-12-25,0951,H,2.11
2026-12-25,1638,L,0.15
2026-12-25,2237,H,1.43
2026-12-26,0410,L,0.42
2026-12-26,1044,H,2.10
2026-12-26,1730,L,0.17
2026-12-26,2330,H,1.44
2026-12-27,0506,L,0.44
2026-12-27,1135,H,2.03
2026-12-27,1820,L,0.22
2026-12-28,0024,H,1.44
2026-12-28,0603,L,0.49
2026-12-28,1227,H,1.90
2026-12-29,0118,H,1.45
2026-12-29,0702,L,0.55
2026-12-29,1318,H,1.74
2026-12-29,1957,L,0.38
2026-12-30,0214,H,1.46
2026-12-30,0804,L,0.62
2026-12-30,1412,H,1.56
2026-12-31,0310,H,1.48
2026-12-31,0913,L,0.68
2026-12-31,1510,H,1.40
2026-12-31,2130,L,0.55
# --- January 2027 ---
2027-01-01,0406,H,1.52
2027-01-01,1027,L,0.71
2027-01-01,1614,H,1.28
2027-01-01,2218,L,0.61
2027-01-02,0502,H,1.56
2027-01-02,1143,L,0.69
2027-01-02,1721,H,1.21
2027-01-02,2308,L,0.64
2027-01-03,0556,H,1.60
2027-01-03,1247,L,0.64
2027-01-03,1826,H,1.19
2027-01-03,2358,L,0.66
2027-01-04,0645,H,1.65
2027-01-04,1340,L,0.58
2027-01-04,1920,H,1.21
2027-01-04,2030,L,1.29
2027-01-05,0045,L,0.65
2027-01-05,0730,H,1.69
2027-01-05,1422,L,0.52
2027-01-05,2007,H,1.24
2027-01-06,0130,L,0.63
2027-01-06,0812,H,1.73
2027-01-06,1500,L,0.47
2027-01-06,2047,H,1.27
2027-01-07,0211,L,0.61
2027-01-07,0849,H,1.77
2027-01-07,1534,L,0.44
2027-01-07,2124,H,1.30
2027-01-08,0249,L,0.59
2027-01-08,0926,H,1.79
2027-01-08,1609,L,0.42
2027-01-08,2200,H,1.32
2027-01-09,0327,L,0.57
2027-01-09,1001,H,1.80
2027-01-09,1642,L,0.41
2027-01-09,2235,H,1.33
2027-01-10,0404,L,0.57
2027-01-10,1036,H,1.79
2027-01-10,1715,L,0.41
2027-01-10,2311,H,1.35
2027-01-11,0443,L,0.58
2027-01-11,1111,H,1.75
2027-01-11,1748,L,0.43
2027-01-11,2348,H,1.36
2027-01-12,0523,L,0.60
2027-01-12,1146,H,1.70
2027-01-12,1822,L,0.45
2027-01-12,1912,H,0.43
2027-01-13,0029,H,1.38
2027-01-13,0607,L,0.63
2027-01-13,1222,H,1.62
2027-01-13,1857,L,0.47
2027-01-14,0111,H,1.41
2027-01-14,0655,L,0.67
2027-01-14,1302,H,1.53
2027-01-14,1933,L,0.51
2027-01-15,0158,H,1.44
2027-01-15,0751,L,0.71
2027-01-15,1350,H,1.43
2027-01-15,2015,L,0.54
2027-01-16,0250,H,1.49
2027-01-16,0858,L,0.72
2027-01-16,1449,H,1.33
2027-01-16,2105,L,0.58
2027-01-17,0348,H,1.55
2027-01-17,1015,L,0.69
2027-01-17,1604,H,1.26
2027-01-17,2204,L,0.60
2027-01-18,0451,H,1.63
2027-01-18,1137,L,0.61
2027-01-18,1726,H,1.24
2027-01-18,2310,L,0.60
2027-01-19,0554,H,1.74
2027-01-19,1249,L,0.49
2027-01-19,1841,H,1.27
2027-01-19,2026,L,1.47
2027-01-20,0015,L,0.56
2027-01-20,0656,H,1.86
2027-01-20,1350,L,0.36
2027-01-20,1944,H,1.33
2027-01-21,0115,L,0.49
2027-01-21,0753,H,1.98
2027-01-21,1445,L,0.24
2027-01-21,2040,H,1.40
2027-01-22,0213,L,0.42
2027-01-22,0847,H,2.07
2027-01-22,1534,L,0.17
2027-01-22,2130,H,1.46
2027-01-23,0307,L,0.37
2027-01-23,0939,H,2.11
2027-01-23,1621,L,0.14
2027-01-23,2220,H,1.51
2027-01-24,0400,L,0.35
2027-01-24,1030,H,2.08
2027-01-24,1706,L,0.16
2027-01-24,2308,H,1.54
2027-01-25,0454,L,0.36
2027-01-25,1117,H,1.98
2027-01-25,1750,L,0.22
2027-01-25,2356,H,1.56
2027-01-26,0547,L,0.42
2027-01-26,1204,H,1.83
2027-01-26,1831,L,0.32
2027-01-26,1859,H,0.61
2027-01-27,0045,H,1.57
2027-01-27,0643,L,0.50
2027-01-27,1250,H,1.64
2027-01-27,1849,L,0.52
2027-01-28,0132,H,1.56
2027-01-28,0740,L,0.59
2027-01-28,1338,H,1.45
2027-01-28,1951,L,0.53
2027-01-29,0224,H,1.54
2027-01-29,0844,L,0.67
2027-01-29,1430,H,1.29
2027-01-29,2033,L,0.63
2027-01-30,0318,H,1.52
2027-01-30,0957,L,0.72
2027-01-30,1533,H,1.17
2027-01-30,2123,L,0.70
2027-01-31,0418,H,1.52
2027-01-31,1115,L,0.72
2027-01-31,1651,H,1.11
2027-01-31,2224,L,0.74
# --- February 2027 ---
2027-02-01,0521,H,1.53
2027-02-01,1227,L,0.68
2027-02-01,1809,H,1.13
2027-02-01,2329,L,0.74
2027-02-02,0619,H,1.57
2027-02-02,1320,L,0.62
2027-02-02,1907,H,1.18
2027-02-02,2300,L,0.81
2027-02-03,0026,L,0.71
2027-02-03,0710,H,1.62
2027-02-03,1402,L,0.55
2027-02-03,1951,H,1.24
2027-02-04,0115,L,0.66
2027-02-04,0753,H,1.68
2027-02-04,1439,L,0.49
2027-02-04,1927,H,1.27
2027-02-05,0158,L,0.60
2027-02-05,0831,H,1.73
2027-02-05,1512,L,0.44
2027-02-05,2103,H,1.34
2027-02-06,0235,L,0.56
2027-02-06,0907,H,1.77
2027-02-06,1544,L,0.41
2027-02-06,2136,H,1.38
2027-02-07,0312,L,0.52
2027-02-07,0941,H,1.78
2027-02-07,1613,L,0.39
2027-02-07,2209,H,1.42
2027-02-08,0349,L,0.50
2027-02-08,1014,H,1.77
2027-02-08,1643,L,0.38
2027-02-08,2243,H,1.46
2027-02-09,0427,L,0.50
2027-02-09,1047,H,1.74
2027-02-09,1712,L,0.39
2027-02-09,2317,H,1.50
2027-02-10,0507,L,0.52
2027-02-10,1122,H,1.67
2027-02-10,1743,L,0.42
2027-02-10,2354,H,1.53
2027-02-11,0549,L,0.55
2027-02-11,1159,H,1.58
2027-02-11,1815,L,0.46
2027-02-11,2323,H,1.71
2027-02-12,0033,H,1.55
2027-02-12,0637,L,0.59
2027-02-12,1239,H,1.48
2027-02-12,1937,L,0.71
2027-02-13,0117,H,1.57
2027-02-13,0732,L,0.63
2027-02-13,1327,H,1.37
2027-02-13,1930,L,0.58
2027-02-14,0210,H,1.57
2027-02-14,0838,L,0.66
2027-02-14,1428,H,1.26
2027-02-14,2024,L,0.64
2027-02-15,0313,H,1.59
2027-02-15,1000,L,0.65
2027-02-15,1550,H,1.19
2027-02-15,2134,L,0.68
2027-02-16,0426,H,1.64
2027-02-16,1127,L,0.58
2027-02-16,1721,H,1.19
2027-02-16,2254,L,0.66
2027-02-17,0539,H,1.73
2027-02-17,1239,L,0.47
2027-02-17,1837,H,1.27
2027-02-17,2249,L,0.70
2027-02-18,0007,L,0.59
2027-02-18,0645,H,1.84
2027-02-18,1337,L,0.35
2027-02-18,1935,H,1.36
2027-02-19,0110,L,0.49
2027-02-19,0742,H,1.95
2027-02-19,1428,L,0.25
2027-02-19,1919,H,1.46
2027-02-20,0206,L,0.40
2027-02-20,0834,H,2.01
2027-02-20,1513,L,0.19
2027-02-20,2113,H,1.56
2027-02-21,0259,L,0.33
2027-02-21,0923,H,2.02
2027-02-21,1555,L,0.18
2027-02-21,2158,H,1.63
2027-02-22,0349,L,0.31
2027-02-22,1010,H,1.96
2027-02-22,1635,L,0.22
2027-02-22,2242,H,1.67
2027-02-23,0441,L,0.33
2027-02-23,1056,H,1.84
2027-02-23,1714,L,0.29
2027-02-23,2325,H,1.69
2027-02-24,0531,L,0.39
2027-02-24,1140,H,1.68
2027-02-24,1749,L,0.40
2027-02-24,2211,H,1.63
2027-02-25,0008,H,1.68
2027-02-25,0622,L,0.48
2027-02-25,1224,H,1.51
2027-02-25,1824,L,0.51
2027-02-26,0051,H,1.65
2027-02-26,0715,L,0.57
2027-02-26,1308,H,1.35
2027-02-26,2334,L,1.82
2027-02-27,0136,H,1.59
2027-02-27,0815,L,0.66
2027-02-27,1357,H,1.22
2027-02-27,1812,L,0.70
2027-02-28,0227,H,1.54
2027-02-28,0922,L,0.72
2027-02-28,1459,H,1.13
2027-02-28,2029,L,0.78
# --- March 2027 ---
2027-03-01,0328,H,1.49
2027-03-01,1037,L,0.73
2027-03-01,1620,H,1.10
2027-03-01,2141,L,0.82
2027-03-02,0440,H,1.48
2027-03-02,1149,L,0.70
2027-03-02,1745,H,1.13
2027-03-02,2353,L,0.55
2027-03-03,0546,H,1.51
2027-03-03,1246,L,0.64
2027-03-03,1844,H,1.20
2027-03-03,1924,L,1.43
2027-03-04,0005,L,0.75
2027-03-04,0641,H,1.57
2027-03-04,1330,L,0.57
2027-03-04,1858,H,1.53
2027-03-05,0057,L,0.68
2027-03-05,0725,H,1.63
2027-03-05,1405,L,0.51
2027-03-05,2002,H,1.35
2027-03-06,0139,L,0.61
2027-03-06,0803,H,1.69
2027-03-06,1438,L,0.45
2027-03-06,2035,H,1.42
2027-03-07,0217,L,0.55
2027-03-07,0838,H,1.72
2027-03-07,1507,L,0.42
2027-03-07,2106,H,1.49
2027-03-08,0254,L,0.50
2027-03-08,0913,H,1.73
2027-03-08,1535,L,0.39
2027-03-08,2138,H,1.56
2027-03-09,0332,L,0.47
2027-03-09,0946,H,1.72
2027-03-09,1604,L,0.39
2027-03-09,2252,H,1.81
2027-03-10,0411,L,0.46
2027-03-10,1022,H,1.67
2027-03-10,1633,L,0.41
2027-03-10,2246,H,1.68
2027-03-11,0453,L,0.46
2027-03-11,1100,H,1.61
2027-03-11,1704,L,0.44
2027-03-12,0538,L,0.48
2027-03-12,1142,H,1.52
2027-03-12,1739,L,0.50
2027-03-12,1812,H,0.86
2027-03-13,0004,H,1.71
2027-03-13,0628,L,0.52
2027-03-13,1227,H,1.41
2027-03-13,1816,L,0.58
2027-03-14,0050,H,1.69
2027-03-14,0726,L,0.57
2027-03-14,1320,H,1.31
2027-03-14,1903,L,0.65
2027-03-15,0145,H,1.66
2027-03-15,0835,L,0.61
2027-03-15,1428,H,1.22
2027-03-15,2004,L,0.72
2027-03-16,0252,H,1.64
2027-03-16,0958,L,0.60
2027-03-16,1554,H,1.19
2027-03-16,2125,L,0.74
2027-03-17,0412,H,1.66
2027-03-17,1116,L,0.54
2027-03-17,1721,H,1.24
2027-03-18,0527,H,1.73
2027-03-18,1221,L,0.45
2027-03-18,1827,H,1.34
2027-03-19,0001,L,0.61
2027-03-19,0630,H,1.81
2027-03-19,1315,L,0.37
2027-03-19,1923,H,1.79
2027-03-20,0102,L,0.50
2027-03-20,0725,H,1.87
2027-03-20,1400,L,0.30
2027-03-20,2006,H,1.58
2027-03-21,0157,L,0.41
2027-03-21,0815,H,1.89
2027-03-21,1443,L,0.28
2027-03-21,2049,H,1.68
2027-03-22,0248,L,0.36
2027-03-22,0902,H,1.85
2027-03-22,1521,L,0.29
2027-03-22,2131,H,1.75
2027-03-23,0338,L,0.34
2027-03-23,0948,H,1.77
2027-03-23,1558,L,0.34
2027-03-23,2213,H,1.80
2027-03-24,0427,L,0.36
2027-03-24,1032,H,1.66
2027-03-24,1632,L,0.42
2027-03-24,2159,H,1.88
2027-03-25,0515,L,0.41
2027-03-25,1115,H,1.53
2027-03-25,1706,L,0.51
2027-03-25,2331,H,1.78
2027-03-26,0602,L,0.49
2027-03-26,1159,H,1.40
2027-03-26,1739,L,0.61
2027-03-27,0011,H,1.73
2027-03-27,0651,L,0.57
2027-03-27,1243,H,1.29
2027-03-28,0052,H,1.65
2027-03-28,0744,L,0.64
2027-03-28,1330,H,1.21
2027-03-28,1852,L,0.78
2027-03-29,0139,H,1.58
2027-03-29,0844,L,0.70
2027-03-29,1429,H,1.16
2027-03-29,1945,L,0.84
2027-03-30,0237,H,1.51
2027-03-30,0951,L,0.73
2027-03-30,1544,H,1.14
2027-03-30,2059,L,0.87
2027-03-31,0348,H,1.48
2027-03-31,1059,L,0.71
2027-03-31,1702,H,1.18
2027-03-31,2221,L,0.86
# --- April 2027 ---
2027-04-01,0500,H,1.49
2027-04-01,1155,L,0.66
2027-04-01,1802,H,1.25
2027-04-01,2331,L,0.81
2027-04-02,0558,H,1.54
2027-04-02,1241,L,0.60
2027-04-02,1847,H,1.34
2027-04-03,0026,L,0.73
2027-04-03,0644,H,1.59
2027-04-03,1317,L,0.54
2027-04-04,0112,L,0.66
2027-04-04,0624,H,1.63
2027-04-04,1250,L,0.49
2027-04-05,0053,L,0.58
2027-04-05,0701,H,1.65
2027-04-05,1320,L,0.46
2027-04-05,1930,H,1.63
2027-04-06,0133,L,0.52
2027-04-06,0739,H,1.66
2027-04-06,1350,L,0.44
2027-04-06,2004,H,1.72
2027-04-07,0214,L,0.47
2027-04-07,0818,H,1.64
2027-04-07,1422,L,0.44
2027-04-07,2039,H,1.80
2027-04-08,0256,L,0.43
2027-04-08,0900,H,1.59
2027-04-08,1456,L,0.47
2027-04-08,2117,H,1.85
2027-04-09,0342,L,0.42
2027-04-09,0944,H,1.53
2027-04-09,1532,L,0.51
2027-04-09,2236,H,1.78
2027-04-10,0430,L,0.43
2027-04-10,1032,H,1.45
2027-04-10,1613,L,0.58
2027-04-10,2244,H,1.86
2027-04-11,0525,L,0.47
2027-04-11,1125,H,1.37
2027-04-11,1659,L,0.65
2027-04-12,0627,L,0.51
2027-04-12,1225,H,1.30
2027-04-12,1754,L,0.71
2027-04-13,0032,H,1.76
2027-04-13,0736,L,0.54
2027-04-13,1336,H,1.26
2027-04-13,1902,L,0.76
2027-04-14,0142,H,1.72
2027-04-14,0850,L,0.54
2027-04-14,1456,H,1.27
2027-04-14,2022,L,0.77
2027-04-15,0259,H,1.71
2027-04-15,0957,L,0.51
2027-04-15,1607,H,1.35
2027-04-15,2142,L,0.72
2027-04-16,0409,H,1.72
2027-04-16,1053,L,0.46
2027-04-16,1705,H,1.46
2027-04-16,2252,L,0.64
2027-04-17,0509,H,1.74
2027-04-17,1142,L,0.42
2027-04-17,1756,H,1.58
2027-04-18,0603,H,1.74
2027-04-18,1226,L,0.40
2027-04-18,1841,H,1.69
2027-04-19,0047,L,0.48
2027-04-19,0652,H,1.71
2027-04-19,1305,L,0.41
2027-04-20,0138,L,0.43
2027-04-20,0739,H,1.65
2027-04-20,1342,L,0.44
2027-04-20,2004,H,1.85
2027-04-21,0226,L,0.42
2027-04-21,0825,H,1.58
2027-04-21,1417,L,0.50
2027-04-21,2043,H,1.88
2027-04-22,0312,L,0.43
2027-04-22,0909,H,1.49
2027-04-22,1451,L,0.56
2027-04-22,2121,H,1.88
2027-04-23,0356,L,0.46
2027-04-23,0953,H,1.42
2027-04-23,1526,L,0.63
2027-04-23,2159,H,1.84
2027-04-24,0441,L,0.52
2027-04-24,1035,H,1.35
2027-04-24,1600,L,0.70
2027-04-25,0526,L,0.58
2027-04-25,1119,H,1.29
2027-04-25,1637,L,0.76
2027-04-25,2315,H,1.71
2027-04-26,0614,L,0.63
2027-04-26,1205,H,1.24
2027-04-26,1719,L,0.81
2027-04-27,0000,H,1.64
2027-04-27,0706,L,0.68
2027-04-27,1259,H,1.22
2027-04-28,0052,H,1.57
2027-04-28,0803,L,0.70
2027-04-28,1401,H,1.22
2027-04-28,1917,L,0.89
2027-04-29,0154,H,1.52
2027-04-29,0901,L,0.70
2027-04-29,1509,H,1.25
2027-04-29,2032,L,0.89
2027-04-30,0301,H,1.50
2027-04-30,0955,L,0.67
2027-04-30,1609,H,1.32
2027-04-30,2145,L,0.86
# --- May 2027 ---
2027-05-01,0401,H,1.51
2027-05-01,1040,L,0.63
2027-05-01,1657,H,1.41
2027-05-01,2246,L,0.79
2027-05-02,0453,H,1.54
2027-05-02,1118,L,0.58
2027-05-02,1737,H,1.52
2027-05-02,2339,L,0.71
2027-05-03,0539,H,1.55
2027-05-03,1155,L,0.55
2027-05-03,1815,H,1.64
2027-05-03,1857,L,1.84
2027-05-04,0026,L,0.62
2027-05-04,0622,H,1.57
2027-05-04,1229,L,0.52
2027-05-04,1851,H,1.75
2027-05-05,0111,L,0.54
2027-05-05,0706,H,1.56
2027-05-05,1304,L,0.51
2027-05-05,1930,H,1.86
2027-05-06,0156,L,0.46
2027-05-06,0752,H,1.55
2027-05-06,1342,L,0.51
2027-05-06,2010,H,1.94
2027-05-07,0243,L,0.41
2027-05-07,0841,H,1.52
2027-05-07,1423,L,0.53
2027-05-07,2054,H,2.00
2027-05-08,0332,L,0.38
2027-05-08,0932,H,1.47
2027-05-08,1508,L,0.57
2027-05-08,2141,H,2.01
2027-05-09,0425,L,0.38
2027-05-09,1026,H,1.43
2027-05-09,1557,L,0.61
2027-05-09,2230,H,1.99
2027-05-10,0522,L,0.41
2027-05-10,1123,H,1.38
2027-05-10,1651,L,0.66
2027-05-10,2325,H,1.93
2027-05-11,0623,L,0.44
2027-05-11,1225,H,1.35
2027-05-11,1752,L,0.71
2027-05-11,2000,H,0.71
2027-05-12,0024,H,1.86
2027-05-12,0727,L,0.47
2027-05-12,1331,H,1.35
2027-05-12,1900,L,0.74
2027-05-13,0130,H,1.78
2027-05-13,0829,L,0.49
2027-05-13,1440,H,1.39
2027-05-13,2015,L,0.75
2027-05-14,0238,H,1.71
2027-05-14,0926,L,0.50
2027-05-14,1542,H,1.47
2027-05-14,2129,L,0.73
2027-05-15,0344,H,1.66
2027-05-15,1016,L,0.50
2027-05-15,1637,H,1.57
2027-05-15,2239,L,0.68
2027-05-16,0444,H,1.61
2027-05-16,1102,L,0.51
2027-05-16,1728,H,1.67
2027-05-16,2343,L,0.61
2027-05-17,0539,H,1.56
2027-05-17,1145,L,0.52
2027-05-17,1814,H,1.77
2027-05-17,1915,L,1.84
2027-05-18,0039,L,0.56
2027-05-18,0630,H,1.52
2027-05-18,1225,L,0.55
2027-05-18,1900,H,1.94
2027-05-19,0129,L,0.51
2027-05-19,0718,H,1.47
2027-05-19,1302,L,0.58
2027-05-19,1937,H,1.88
2027-05-20,0214,L,0.49
2027-05-20,0804,H,1.43
2027-05-20,1339,L,0.62
2027-05-20,2015,H,1.90
2027-05-21,0256,L,0.49
2027-05-21,0848,H,1.39
2027-05-21,1416,L,0.65
2027-05-21,2054,H,1.89
2027-05-22,0337,L,0.50
2027-05-22,0930,H,1.36
2027-05-22,1453,L,0.69
2027-05-22,2130,H,1.86
2027-05-23,0417,L,0.53
2027-05-23,1012,H,1.33
2027-05-23,1530,L,0.72
2027-05-23,2208,H,1.81
2027-05-24,0459,L,0.57
2027-05-24,1054,H,1.31
2027-05-24,1611,L,0.76
2027-05-24,2246,H,1.76
2027-05-25,0542,L,0.61
2027-05-25,1137,H,1.29
2027-05-25,1654,L,0.79
2027-05-25,2328,H,1.69
2027-05-26,0627,L,0.64
2027-05-26,1225,H,1.28
2027-05-26,1743,L,0.83
2027-05-26,1902,H,0.82
2027-05-27,0013,H,1.63
2027-05-27,0715,L,0.66
2027-05-27,1317,H,1.29
2027-05-27,1839,L,0.86
2027-05-28,0103,H,1.57
2027-05-28,0802,L,0.66
2027-05-28,1415,H,1.33
2027-05-28,1944,L,0.88
2027-05-29,0200,H,1.51
2027-05-29,0850,L,0.65
2027-05-29,1510,H,1.39
2027-05-29,2053,L,0.87
2027-05-30,0300,H,1.48
2027-05-30,0935,L,0.63
2027-05-30,1601,H,1.48
2027-05-30,2201,L,0.82
2027-05-31,0359,H,1.46
2027-05-31,1017,L,0.61
2027-05-31,1647,H,1.59
2027-05-31,2303,L,0.74
# --- June 2027 ---
2027-06-01,0454,H,1.46
2027-06-01,1059,L,0.59
2027-06-01,1730,H,1.71
2027-06-01,2359,L,0.64
2027-06-02,0546,H,1.46
2027-06-02,1141,L,0.57
2027-06-02,1815,H,1.83
2027-06-02,1839,L,1.96
2027-06-03,0050,L,0.53
2027-06-03,0639,H,1.46
2027-06-03,1225,L,0.55
2027-06-03,1954,H,1.86
2027-06-04,0140,L,0.44
2027-06-04,0732,H,1.46
2027-06-04,1311,L,0.54
2027-06-04,1947,H,2.03
2027-06-05,0230,L,0.36
2027-06-05,0827,H,1.46
2027-06-05,1400,L,0.54
2027-06-05,2037,H,2.09
2027-06-06,0323,L,0.32
2027-06-06,0921,H,1.45
2027-06-06,1453,L,0.55
2027-06-06,2128,H,2.10
2027-06-07,0416,L,0.31
2027-06-07,1017,H,1.44
2027-06-07,1547,L,0.57
2027-06-07,2221,H,2.08
2027-06-08,0512,L,0.32
2027-06-08,1114,H,1.43
2027-06-08,1645,L,0.60
2027-06-08,2315,H,2.01
2027-06-09,0607,L,0.36
2027-06-09,1212,H,1.44
2027-06-09,1745,L,0.64
2027-06-09,2337,H,1.65
2027-06-10,0011,H,1.90
2027-06-10,0702,L,0.41
2027-06-10,1312,H,1.46
2027-06-10,1850,L,0.68
2027-06-11,0110,H,1.77
2027-06-11,0756,L,0.47
2027-06-11,1412,H,1.50
2027-06-11,2056,L,0.71
2027-06-12,0212,H,1.64
2027-06-12,0846,L,0.51
2027-06-12,1510,H,1.56
2027-06-12,2114,L,0.72
2027-06-13,0315,H,1.52
2027-06-13,0935,L,0.56
2027-06-13,1606,H,1.63
2027-06-13,2227,L,0.70
2027-06-14,0418,H,1.43
2027-06-14,1020,L,0.59
2027-06-14,1659,H,1.70
2027-06-14,2333,L,0.66
2027-06-15,0517,H,1.37
2027-06-15,1105,L,0.62
2027-06-15,1747,H,1.76
2027-06-15,2336,L,0.61
2027-06-16,0030,L,0.60
2027-06-16,0612,H,1.34
2027-06-16,1149,L,0.64
2027-06-16,1832,H,1.81
2027-06-17,0118,L,0.56
2027-06-17,0701,H,1.33
2027-06-17,1231,L,0.65
2027-06-17,1936,H,1.79
2027-06-18,0200,L,0.52
2027-06-18,0746,H,1.33
2027-06-18,1312,L,0.66
2027-06-18,1931,H,2.06
2027-06-19,0240,L,0.50
2027-06-19,0829,H,1.33
2027-06-19,1351,L,0.67
2027-06-19,2031,H,1.86
2027-06-20,0316,L,0.50
2027-06-20,0908,H,1.34
2027-06-20,1430,L,0.67
2027-06-20,2109,H,1.85
2027-06-21,0353,L,0.51
2027-06-21,0946,H,1.33
2027-06-21,1509,L,0.68
2027-06-21,2145,H,1.82
2027-06-22,0430,L,0.52
2027-06-22,1026,H,1.33
2027-06-22,1548,L,0.70
2027-06-22,2221,H,1.78
2027-06-23,0507,L,0.54
2027-06-23,1105,H,1.33
2027-06-23,1630,L,0.72
2027-06-23,2258,H,1.72
2027-06-24,0545,L,0.56
2027-06-24,1148,H,1.34
2027-06-24,1715,L,0.76
2027-06-24,2343,H,1.52
2027-06-25,0624,L,0.58
2027-06-25,1234,H,1.36
2027-06-25,1805,L,0.79
2027-06-25,1942,H,0.67
2027-06-26,0019,H,1.57
2027-06-26,0705,L,0.60
2027-06-26,1323,H,1.40
2027-06-26,1932,L,0.75
2027-06-27,0107,H,1.49
2027-06-27,0747,L,0.61
2027-06-27,1415,H,1.45
2027-06-27,2007,L,0.83
2027-06-28,0204,H,1.41
2027-06-28,0832,L,0.62
2027-06-28,1507,H,1.52
2027-06-28,2119,L,0.80
2027-06-29,0309,H,1.36
2027-06-29,0920,L,0.62
2027-06-29,1600,H,1.62
2027-06-29,2231,L,0.72
2027-06-30,0416,H,1.34
2027-06-30,1011,L,0.61
2027-06-30,1653,H,1.73
2027-06-30,1813,L,1.73
# --- July 2027 ---
2027-07-01,0521,H,1.34
2027-07-01,1104,L,0.59
2027-07-01,1745,H,1.85
2027-07-01,1857,L,1.76
2027-07-02,0034,L,0.49
2027-07-02,0622,H,1.37
2027-07-02,1158,L,0.56
2027-07-02,2009,H,2.10
2027-07-03,0128,L,0.38
2027-07-03,0719,H,1.40
2027-07-03,1252,L,0.52
2027-07-03,2012,H,1.81
2027-07-04,0219,L,0.28
2027-07-04,0815,H,1.44
2027-07-04,1347,L,0.48
2027-07-04,2024,H,2.13
2027-07-05,0310,L,0.23
2027-07-05,0908,H,1.47
2027-07-05,1442,L,0.45
2027-07-05,2115,H,2.14
2027-07-06,0400,L,0.21
2027-07-06,1000,H,1.49
2027-07-06,1538,L,0.45
2027-07-06,2207,H,2.10
2027-07-07,0450,L,0.24
2027-07-07,1054,H,1.52
2027-07-07,1634,L,0.48
2027-07-07,2259,H,1.99
2027-07-08,0539,L,0.29
2027-07-08,1147,H,1.53
2027-07-08,1732,L,0.53
2027-07-08,2350,H,1.84
2027-07-09,0627,L,0.37
2027-07-09,1242,H,1.55
2027-07-09,1834,L,0.60
2027-07-09,2036,H,0.67
2027-07-10,0044,H,1.66
2027-07-10,0715,L,0.46
2027-07-10,1337,H,1.57
2027-07-10,2156,L,0.68
2027-07-11,0141,H,1.48
2027-07-11,0801,L,0.55
2027-07-11,1434,H,1.59
2027-07-11,2307,L,0.65
2027-07-12,0245,H,1.34
2027-07-12,0849,L,0.61
2027-07-12,1532,H,1.62
2027-07-12,2214,L,0.70
2027-07-13,0354,H,1.25
2027-07-13,0941,L,0.66
2027-07-13,1630,H,1.66
2027-07-13,2324,L,0.66
2027-07-14,0501,H,1.22
2027-07-14,1033,L,0.68
2027-07-14,1724,H,1.69
2027-07-14,2320,L,0.55
2027-07-15,0021,L,0.61
2027-07-15,0600,H,1.23
2027-07-15,1124,L,0.68
2027-07-15,1915,H,1.72
2027-07-16,0106,L,0.55
2027-07-16,0649,H,1.25
2027-07-16,1212,L,0.66
2027-07-16,1917,H,2.05
2027-07-17,0145,L,0.51
2027-07-17,0730,H,1.29
2027-07-17,1255,L,0.64
2027-07-17,2022,H,1.75
2027-07-18,0219,L,0.47
2027-07-18,0809,H,1.32
2027-07-18,1335,L,0.61
2027-07-18,2100,H,2.10
2027-07-19,0253,L,0.45
2027-07-19,0845,H,1.34
2027-07-19,1413,L,0.59
2027-07-19,2047,H,1.81
2027-07-20,0326,L,0.44
2027-07-20,0920,H,1.36
2027-07-20,1450,L,0.59
2027-07-20,2121,H,1.79
2027-07-21,0358,L,0.45
2027-07-21,0955,H,1.37
2027-07-21,1528,L,0.60
2027-07-21,2155,H,1.75
2027-07-22,0430,L,0.46
2027-07-22,1032,H,1.39
2027-07-22,1608,L,0.62
2027-07-22,2229,H,1.69
2027-07-23,0502,L,0.48
2027-07-23,1110,H,1.42
2027-07-23,1650,L,0.65
2027-07-23,2304,H,1.61
2027-07-24,0535,L,0.50
2027-07-24,1151,H,1.44
2027-07-24,1737,L,0.69
2027-07-24,1912,H,0.65
2027-07-25,0611,L,0.54
2027-07-25,1235,H,1.47
2027-07-25,1830,L,0.73
2027-07-25,2030,H,0.65
2027-07-26,0028,H,1.42
2027-07-26,0650,L,0.58
2027-07-26,1324,H,1.50
2027-07-26,2155,L,0.59
2027-07-27,0122,H,1.32
2027-07-27,0737,L,0.61
2027-07-27,1419,H,1.54
2027-07-27,2047,L,0.73
2027-07-28,0232,H,1.25
2027-07-28,0832,L,0.64
2027-07-28,1520,H,1.61
2027-07-28,2209,L,0.67
2027-07-29,0353,H,1.22
2027-07-29,0937,L,0.63
2027-07-29,1625,H,1.70
2027-07-29,1836,L,1.68
2027-07-30,0507,H,1.25
2027-07-30,1043,L,0.59
2027-07-30,1726,H,1.82
2027-07-30,1901,L,1.98
2027-07-31,0020,L,0.42
2027-07-31,0612,H,1.31
2027-07-31,1145,L,0.52
2027-07-31,1824,H,1.95
# --- August 2027 ---
2027-08-01,0114,L,0.29
2027-08-01,0707,H,1.39
2027-08-01,1242,L,0.44
2027-08-01,1949,H,1.74
2027-08-02,0203,L,0.20
2027-08-02,0800,H,1.46
2027-08-02,1337,L,0.37
2027-08-03,0250,L,0.15
2027-08-03,0849,H,1.53
2027-08-03,1431,L,0.33
2027-08-03,2055,H,1.73
2027-08-04,0335,L,0.14
2027-08-04,0938,H,1.58
2027-08-04,1526,L,0.33
2027-08-04,2148,H,2.02
2027-08-05,0420,L,0.19
2027-08-05,1028,H,1.61
2027-08-05,1620,L,0.37
2027-08-05,2237,H,1.87
2027-08-06,0503,L,0.27
2027-08-06,1116,H,1.63
2027-08-06,1717,L,0.44
2027-08-06,2326,H,1.69
2027-08-07,0545,L,0.38
2027-08-07,1206,H,1.63
2027-08-07,1816,L,0.53
2027-08-07,2316,H,1.43
2027-08-08,0016,H,1.49
2027-08-08,0628,L,0.49
2027-08-08,1259,H,1.61
2027-08-08,1922,L,0.61
2027-08-09,0111,H,1.32
2027-08-09,0713,L,0.59
2027-08-09,1355,H,1.58
2027-08-10,0216,H,1.19
2027-08-10,0803,L,0.67
2027-08-10,1456,H,1.56
2027-08-11,0332,H,1.12
2027-08-11,0904,L,0.71
2027-08-11,1600,H,1.56
2027-08-12,0448,H,1.13
2027-08-12,1008,L,0.72
2027-08-12,1701,H,1.59
2027-08-12,2306,L,0.47
2027-08-13,0001,L,0.59
2027-08-13,0546,H,1.17
2027-08-13,1107,L,0.69
2027-08-13,1753,H,1.63
2027-08-14,0044,L,0.53
2027-08-14,0631,H,1.23
2027-08-14,1158,L,0.64
2027-08-14,1809,H,1.90
2027-08-15,0120,L,0.48
2027-08-15,0710,H,1.29
2027-08-15,1241,L,0.59
2027-08-16,0152,L,0.43
2027-08-16,0745,H,1.33
2027-08-16,1319,L,0.54
2027-08-17,0223,L,0.40
2027-08-17,0818,H,1.38
2027-08-17,1356,L,0.51
2027-08-18,0253,L,0.38
2027-08-18,0850,H,1.42
2027-08-18,1432,L,0.49
2027-08-19,0321,L,0.38
2027-08-19,0924,H,1.46
2027-08-19,1510,L,0.50
2027-08-19,2128,H,1.69
2027-08-20,0350,L,0.39
2027-08-20,0958,H,1.50
2027-08-20,1549,L,0.51
2027-08-20,2201,H,1.62
2027-08-21,0419,L,0.42
2027-08-21,1034,H,1.52
2027-08-21,1630,L,0.54
2027-08-21,2237,H,1.53
2027-08-22,0451,L,0.46
2027-08-22,1112,H,1.54
2027-08-22,1716,L,0.58
2027-08-23,0525,L,0.51
2027-08-23,1155,H,1.55
2027-08-23,1809,L,0.62
2027-08-24,0002,H,1.33
2027-08-24,0605,L,0.57
2027-08-24,1244,H,1.55
2027-08-25,0100,H,1.23
2027-08-25,0656,L,0.63
2027-08-25,1343,H,1.55
2027-08-26,0216,H,1.16
2027-08-26,0802,L,0.66
2027-08-26,1452,H,1.59
2027-08-27,0345,H,1.16
2027-08-27,0919,L,0.64
2027-08-27,1606,H,1.67
2027-08-28,0500,H,1.23
2027-08-28,1032,L,0.57
2027-08-28,1712,H,1.79
2027-08-29,0003,L,0.35
2027-08-29,0600,H,1.33
2027-08-29,1136,L,0.47
2027-08-30,0053,L,0.23
2027-08-30,0652,H,1.44
2027-08-30,1233,L,0.37
2027-08-31,0139,L,0.16
2027-08-31,0740,H,1.54
2027-08-31,1328,L,0.29
2027-08-31,1951,H,2.00
# --- September 2027 ---
2027-09-01,0222,L,0.13
2027-09-01,0826,H,1.63
2027-09-01,1420,L,0.25
2027-09-01,2040,H,1.95
2027-09-02,0304,L,0.15
2027-09-02,0912,H,1.69
2027-09-02,1513,L,0.25
2027-09-02,2127,H,1.84
2027-09-03,0345,L,0.22
2027-09-03,0958,H,1.73
2027-09-03,1606,L,0.30
2027-09-03,2215,H,1.69
2027-09-04,0424,L,0.32
2027-09-04,1044,H,1.72
2027-09-04,1700,L,0.38
2027-09-04,2302,H,1.51
2027-09-05,0502,L,0.43
2027-09-05,1130,H,1.69
2027-09-05,1757,L,0.48
2027-09-05,2351,H,1.34
2027-09-06,0542,L,0.55
2027-09-06,1217,H,1.63
2027-09-06,1859,L,0.57
2027-09-06,2354,H,1.26
2027-09-07,0045,H,1.20
2027-09-07,0626,L,0.65
2027-09-07,1311,H,1.56
2027-09-07,2008,L,0.63
2027-09-08,0149,H,1.11
2027-09-08,0719,L,0.72
2027-09-08,1413,H,1.50
2027-09-08,2124,L,0.66
2027-09-09,0309,H,1.08
2027-09-09,0829,L,0.76
2027-09-09,1523,H,1.48
2027-09-09,2232,L,0.63
2027-09-10,0425,H,1.11
2027-09-10,0943,L,0.75
2027-09-10,1630,H,1.50
2027-09-10,2326,L,0.58
2027-09-11,0521,H,1.18
2027-09-11,1046,L,0.69
2027-09-11,1724,H,1.54
2027-09-11,2338,L,0.31
2027-09-12,0008,L,0.52
2027-09-12,0604,H,1.25
2027-09-12,1138,L,0.63
2027-09-12,1807,H,1.59
2027-09-13,0044,L,0.46
2027-09-13,0641,H,1.33
2027-09-13,1222,L,0.56
2027-09-13,1845,H,1.64
2027-09-14,0115,L,0.41
2027-09-14,0715,H,1.40
2027-09-14,1300,L,0.50
2027-09-14,1919,H,1.66
2027-09-15,0145,L,0.38
2027-09-15,0746,H,1.46
2027-09-15,1338,L,0.46
2027-09-15,1953,H,1.66
2027-09-16,0213,L,0.36
2027-09-16,0818,H,1.53
2027-09-16,1415,L,0.43
2027-09-16,2027,H,1.64
2027-09-17,0241,L,0.36
2027-09-17,0850,H,1.59
2027-09-17,1453,L,0.42
2027-09-17,2101,H,1.59
2027-09-18,0309,L,0.38
2027-09-18,0925,H,1.63
2027-09-18,1533,L,0.43
2027-09-18,2138,H,1.52
2027-09-19,0340,L,0.42
2027-09-19,1000,H,1.66
2027-09-19,1616,L,0.45
2027-09-19,2217,H,1.44
2027-09-20,0413,L,0.47
2027-09-20,1040,H,1.66
2027-09-20,1703,L,0.48
2027-09-20,2301,H,1.35
2027-09-21,0451,L,0.54
2027-09-21,1125,H,1.64
2027-09-21,1759,L,0.53
2027-09-21,2030,H,0.60
2027-09-22,0537,L,0.60
2027-09-22,1216,H,1.61
2027-09-22,1903,L,0.56
2027-09-22,2137,H,0.64
2027-09-23,0057,H,1.18
2027-09-23,0635,L,0.66
2027-09-23,1319,H,1.59
2027-09-23,2021,L,0.56
2027-09-24,0216,H,1.15
2027-09-24,0750,L,0.68
2027-09-24,1434,H,1.60
2027-09-24,2140,L,0.50
2027-09-25,0341,H,1.19
2027-09-25,0912,L,0.65
2027-09-25,1549,H,1.66
2027-09-25,2245,L,0.41
2027-09-26,0448,H,1.29
2027-09-26,1025,L,0.56
2027-09-26,1655,H,1.74
2027-09-26,1827,L,1.51
2027-09-27,0543,H,1.41
2027-09-27,1128,L,0.45
2027-09-27,1751,H,1.82
2027-09-27,1907,L,1.54
2027-09-28,0025,L,0.24
2027-09-28,0631,H,1.54
2027-09-28,1225,L,0.35
2027-09-28,1843,H,1.84
2027-09-29,0108,L,0.20
2027-09-29,0716,H,1.66
2027-09-29,1318,L,0.27
2027-09-29,1931,H,1.82
2027-09-30,0148,L,0.20
2027-09-30,0800,H,1.75
2027-09-30,1410,L,0.24
2027-09-30,2019,H,1.75
# --- October 2027 ---
2027-10-01,0228,L,0.25
2027-10-01,0845,H,1.80
2027-10-01,1500,L,0.25
2027-10-01,2106,H,1.63
2027-10-02,0306,L,0.32
2027-10-02,0928,H,1.82
2027-10-02,1551,L,0.29
2027-10-02,2153,H,1.50
2027-10-03,0444,L,0.42
2027-10-03,1111,H,1.80
2027-10-03,1743,L,0.36
2027-10-03,2340,H,1.37
2027-10-04,0521,L,0.52
2027-10-04,1154,H,1.73
2027-10-04,1834,L,0.45
2027-10-04,2356,H,1.31
2027-10-05,0029,H,1.25
2027-10-05,0600,L,0.62
2027-10-05,1238,H,1.65
2027-10-05,1930,L,0.54
2027-10-06,0120,H,1.17
2027-10-06,0645,L,0.70
2027-10-06,1327,H,1.56
2027-10-06,1959,L,0.47
2027-10-07,0220,H,1.11
2027-10-07,0740,L,0.76
2027-10-07,1425,H,1.48
2027-10-07,2109,L,0.47
2027-10-08,0332,H,1.10
2027-10-08,0850,L,0.79
2027-10-08,1532,H,1.44
2027-10-08,2240,L,0.63
2027-10-09,0444,H,1.14
2027-10-09,1006,L,0.78
2027-10-09,1642,H,1.44
2027-10-09,2334,L,0.59
2027-10-10,0541,H,1.22
2027-10-10,1114,L,0.73
2027-10-10,1740,H,1.47
2027-10-10,1904,L,1.44
2027-10-11,0018,L,0.53
2027-10-11,0626,H,1.30
2027-10-11,1210,L,0.66
2027-10-11,1830,H,1.67
2027-10-12,0055,L,0.48
2027-10-12,0703,H,1.40
2027-10-12,1257,L,0.59
2027-10-12,1922,H,1.65
2027-10-13,0128,L,0.44
2027-10-13,0738,H,1.49
2027-10-13,1339,L,0.52
2027-10-13,1945,H,1.56
2027-10-14,0159,L,0.41
2027-10-14,0811,H,1.58
2027-10-14,1418,L,0.46
2027-10-14,2022,H,1.55
2027-10-15,0228,L,0.40
2027-10-15,0844,H,1.66
2027-10-15,1458,L,0.41
2027-10-15,2100,H,1.53
2027-10-16,0259,L,0.40
2027-10-16,0918,H,1.73
2027-10-16,1538,L,0.37
2027-10-16,2138,H,1.49
2027-10-17,0330,L,0.42
2027-10-17,0955,H,1.78
2027-10-17,1621,L,0.36
2027-10-17,2220,H,1.44
2027-10-18,0406,L,0.46
2027-10-18,1034,H,1.80
2027-10-18,1706,L,0.37
2027-10-18,2306,H,1.38
2027-10-19,0445,L,0.51
2027-10-19,1117,H,1.79
2027-10-19,1757,L,0.40
2027-10-19,1948,H,0.57
2027-10-20,0531,L,0.57
2027-10-20,1206,H,1.76
2027-10-20,1854,L,0.44
2027-10-20,2043,H,0.60
2027-10-21,0053,H,1.25
2027-10-21,0625,L,0.63
2027-10-21,1300,H,1.71
2027-10-21,2139,L,0.61
2027-10-22,0200,H,1.21
2027-10-22,0729,L,0.67
2027-10-22,1404,H,1.66
2027-10-22,2230,L,0.59
2027-10-23,0315,H,1.22
2027-10-23,0845,L,0.68
2027-10-23,1516,H,1.64
2027-10-23,2216,L,0.44
2027-10-24,0427,H,1.29
2027-10-24,1002,L,0.64
2027-10-24,1629,H,1.64
2027-10-24,2315,L,0.39
2027-10-25,0527,H,1.40
2027-10-25,1115,L,0.57
2027-10-25,1732,H,1.66
2027-10-25,1948,L,1.28
2027-10-26,0005,L,0.34
2027-10-26,0619,H,1.53
2027-10-26,1218,L,0.48
2027-10-26,1909,H,1.44
2027-10-27,0050,L,0.32
2027-10-27,0707,H,1.65
2027-10-27,1316,L,0.39
2027-10-27,1952,H,1.44
2027-10-28,0132,L,0.31
2027-10-28,0752,H,1.76
2027-10-28,1411,L,0.32
2027-10-28,2012,H,1.60
2027-10-29,0213,L,0.34
2027-10-29,0835,H,1.84
2027-10-29,1501,L,0.29
2027-10-29,2100,H,1.53
2027-10-30,0251,L,0.39
2027-10-30,0918,H,1.87
2027-10-30,1550,L,0.29
2027-10-30,2147,H,1.45
2027-10-31,0330,L,0.45
2027-10-31,1000,H,1.87
2027-10-31,1637,L,0.32
2027-10-31,2234,H,1.38
# --- November 2027 ---
2027-11-01,0407,L,0.52
2027-11-01,1041,H,1.84
2027-11-01,1724,L,0.37
2027-11-01,2320,H,1.30
2027-11-02,0446,L,0.59
2027-11-02,1122,H,1.77
2027-11-02,1810,L,0.44
2027-11-02,2352,H,1.33
2027-11-03,0005,H,1.24
2027-11-03,0527,L,0.66
2027-11-03,1203,H,1.69
2027-11-03,1858,L,0.51
2027-11-04,0053,H,1.19
2027-11-04,0612,L,0.72
2027-11-04,1247,H,1.60
2027-11-04,1945,L,0.38
2027-11-05,0145,H,1.17
2027-11-05,0703,L,0.77
2027-11-05,1337,H,1.52
2027-11-05,2045,L,0.40
2027-11-06,0245,H,1.17
2027-11-06,0806,L,0.80
2027-11-06,1434,H,1.45
2027-11-06,2144,L,0.41
2027-11-07,0349,H,1.21
2027-11-07,0917,L,0.80
2027-11-07,1539,H,1.42
2027-11-07,2238,L,0.42
2027-11-08,0447,H,1.28
2027-11-08,1028,L,0.78
2027-11-08,1642,H,1.41
2027-11-08,2317,L,0.56
2027-11-09,0536,H,1.37
2027-11-09,1131,L,0.72
2027-11-09,1736,H,1.42
2027-11-09,2359,L,0.52
2027-11-10,0618,H,1.47
2027-11-10,1227,L,0.64
2027-11-10,1824,H,1.43
2027-11-11,0035,L,0.49
2027-11-11,0657,H,1.57
2027-11-11,1315,L,0.56
2027-11-11,1957,H,1.40
2027-11-12,0110,L,0.47
2027-11-12,0733,H,1.68
2027-11-12,1359,L,0.48
2027-11-12,2046,H,1.37
2027-11-13,0145,L,0.46
2027-11-13,0811,H,1.77
2027-11-13,1441,L,0.40
2027-11-13,2035,H,1.43
2027-11-14,0220,L,0.46
2027-11-14,0849,H,1.85
2027-11-14,1525,L,0.35
2027-11-14,2120,H,1.42
2027-11-15,0300,L,0.47
2027-11-15,0931,H,1.90
2027-11-15,1611,L,0.31
2027-11-15,2208,H,1.39
2027-11-16,0343,L,0.49
2027-11-16,1016,H,1.93
2027-11-16,1659,L,0.30
2027-11-16,2259,H,1.36
2027-11-17,0430,L,0.52
2027-11-17,1104,H,1.92
2027-11-17,1751,L,0.31
2027-11-18,0522,L,0.56
2027-11-18,1155,H,1.88
2027-11-18,1846,L,0.34
2027-11-18,1905,H,0.52
2027-11-19,0049,H,1.31
2027-11-19,0620,L,0.60
2027-11-19,1250,H,1.81
2027-11-19,1949,L,0.56
2027-11-20,0152,H,1.31
2027-11-20,0724,L,0.64
2027-11-20,1349,H,1.73
2027-11-20,2035,L,0.58
2027-11-21,0258,H,1.34
2027-11-21,0834,L,0.66
2027-11-21,1455,H,1.65
2027-11-21,2123,L,0.59
2027-11-22,0401,H,1.41
2027-11-22,0948,L,0.64
2027-11-22,1602,H,1.58
2027-11-22,2210,L,0.58
2027-11-23,0500,H,1.51
2027-11-23,1101,L,0.60
2027-11-23,1708,H,1.53
2027-11-23,2328,L,0.42
2027-11-24,0553,H,1.62
2027-11-24,1210,L,0.53
2027-11-24,1808,H,1.48
2027-11-24,2340,L,0.56
2027-11-25,0014,L,0.43
2027-11-25,0643,H,1.72
2027-11-25,1312,L,0.46
2027-11-26,0058,L,0.45
2027-11-26,0730,H,1.80
2027-11-26,1406,L,0.40
2027-11-26,1926,H,1.34
2027-11-27,0140,L,0.48
2027-11-27,0815,H,1.86
2027-11-27,1455,L,0.36
2027-11-27,2016,H,1.36
2027-11-28,0221,L,0.51
2027-11-28,0857,H,1.88
2027-11-28,1540,L,0.35
2027-11-28,2132,H,1.34
2027-11-29,0300,L,0.54
2027-11-29,0938,H,1.87
2027-11-29,1623,L,0.36
2027-11-29,2216,H,1.32
2027-11-30,0341,L,0.58
2027-11-30,1017,H,1.84
2027-11-30,1703,L,0.39
2027-11-30,2259,H,1.29
# --- December 2027 ---
2027-12-01,0420,L,0.62
2027-12-01,1057,H,1.79
2027-12-01,1744,L,0.43
2027-12-01,2340,H,1.27
2027-12-02,0500,L,0.65
2027-12-02,1135,H,1.73
2027-12-02,1824,L,0.48
2027-12-03,0022,H,1.25
2027-12-03,0544,L,0.69
2027-12-03,1214,H,1.65
2027-12-03,1922,L,0.30
2027-12-04,0107,H,1.24
2027-12-04,0630,L,0.73
2027-12-04,1256,H,1.58
2027-12-04,2014,L,0.36
2027-12-05,0158,H,1.25
2027-12-05,0724,L,0.77
2027-12-05,1342,H,1.50
2027-12-05,2105,L,0.43
2027-12-06,0252,H,1.28
2027-12-06,0826,L,0.80
2027-12-06,1435,H,1.42
2027-12-06,2157,L,0.48
2027-12-07,0348,H,1.34
2027-12-07,0934,L,0.80
2027-12-07,1535,H,1.36
2027-12-07,2248,L,0.53
2027-12-08,0441,H,1.42
2027-12-08,1045,L,0.77
2027-12-08,1639,H,1.33
2027-12-08,2257,L,0.58
2027-12-09,0529,H,1.51
2027-12-09,1151,L,0.70
2027-12-09,1738,H,1.32
2027-12-10,0614,H,1.61
2027-12-10,1247,L,0.61
2027-12-10,1833,H,1.32
2027-12-11,0023,L,0.55
2027-12-11,0658,H,1.72
2027-12-11,1338,L,0.50
2027-12-11,2036,H,1.29
2027-12-12,0107,L,0.53
2027-12-12,0742,H,1.83
2027-12-12,1426,L,0.40
2027-12-12,2118,H,1.31
2027-12-13,0152,L,0.50
2027-12-13,0828,H,1.92
2027-12-13,1513,L,0.32
2027-12-13,2106,H,1.38
2027-12-14,0239,L,0.48
2027-12-14,0915,H,1.99
2027-12-14,1600,L,0.25
2027-12-14,2157,H,1.39
2027-12-15,0329,L,0.47
2027-12-15,1003,H,2.03
2027-12-15,1649,L,0.22
2027-12-15,2248,H,1.40
2027-12-16,0421,L,0.47
2027-12-16,1054,H,2.03
2027-12-16,1739,L,0.22
2027-12-16,2341,H,1.41
2027-12-17,0515,L,0.49
2027-12-17,1145,H,1.98
2027-12-17,1830,L,0.25
2027-12-18,0035,H,1.42
2027-12-18,0613,L,0.52
2027-12-18,1237,H,1.88
2027-12-19,0131,H,1.44
2027-12-19,0714,L,0.56
2027-12-19,1331,H,1.75
2027-12-20,0230,H,1.47
2027-12-20,0820,L,0.61
2027-12-20,1430,H,1.61
2027-12-21,0330,H,1.52
2027-12-21,0932,L,0.64
2027-12-21,1534,H,1.47
2027-12-22,0430,H,1.58
2027-12-22,1049,L,0.63
2027-12-22,1643,H,1.36
2027-12-23,0527,H,1.65
2027-12-23,1204,L,0.59
2027-12-23,1750,H,1.30
2027-12-23,2340,L,0.56
2027-12-24,0621,H,1.71
2027-12-24,1309,L,0.53
2027-12-24,1853,H,1.27
2027-12-25,0030,L,0.58
2027-12-25,0712,H,1.77
2027-12-25,1402,L,0.47
2027-12-26,0116,L,0.58
2027-12-26,0759,H,1.81
2027-12-26,1448,L,0.43
2027-12-27,0201,L,0.58
2027-12-27,0842,H,1.83
2027-12-27,1529,L,0.40
2027-12-28,0244,L,0.58
2027-12-28,0922,H,1.83
2027-12-28,1606,L,0.39
2027-12-28,2158,H,1.32
2027-12-29,0323,L,0.58
2027-12-29,1000,H,1.82
2027-12-29,1642,L,0.40
2027-12-29,2235,H,1.32
2027-12-30,0401,L,0.58
2027-12-30,1035,H,1.79
2027-12-30,1715,L,0.42
2027-12-30,2312,H,1.33
2027-12-31,0440,L,0.60
2027-12-31,1110,H,1.75
2027-12-31,1750,L,0.44
2027-12-31,2349,H,1.33
